patientID,TMB,Age,FS_Counts,NEO_Weak,ITH,Sex_F,Sex_M,MSKCC_FAVORABLE,MSKCC_INTERMEDIATE,MSKCC_POOR,homozygous_ANY_0,homozygous_ANY_1,Deletion_9p21.3_MUT,Deletion_9p21.3_WT,Deletion_11q23.1_MUT,Deletion_11q23.1_WT,Amplification_12q24.32_MUT,Amplification_12q24.32_WT,Amplification_12q24.32_WUT,Amplification_6q21_MUT,Amplification_6q21_WT,response,OS,OS_Event,TMB_origin
RCC10-97,1.1842105263157894,67.0,6.0,247.0,2.018181818,1.0,0.0,1.0,0.0,0.0,1.0,0.0,1.0,0.0,0.0,1.0,0.0,1.0,0.0,0.0,1.0,1,36.5260274,1,1.1842105263157894
RCC10-141,0.6052631578947368,62.0,1.0,106.0,0.0,1.0,0.0,0.0,0.0,1.0,1.0,0.0,0.0,1.0,0.0,1.0,1.0,0.0,0.0,0.0,1.0,1,68.54794521,0,0.6052631578947368
RCC10-154,1.105263157894737,66.0,4.0,231.0,0.466666667,0.0,1.0,1.0,0.0,0.0,0.0,1.0,0.0,1.0,0.0,1.0,0.0,1.0,0.0,0.0,1.0,1,46.25753425,1,1.105263157894737
RCC10-28,3.3421052631578947,51.0,5.0,503.0,0.16988417,1.0,0.0,0.0,0.0,1.0,1.0,0.0,1.0,0.0,0.0,1.0,0.0,1.0,0.0,0.0,1.0,1,18.57534247,1,3.3421052631578947
RCC10-178,0.6578947368421053,55.0,3.0,190.0,0.115384615,0.0,1.0,0.0,1.0,0.0,1.0,0.0,1.0,0.0,0.0,1.0,1.0,0.0,0.0,0.0,1.0,1,8.219178082,1,0.6578947368421053
RCC10-114,1.368421052631579,61.0,4.0,348.0,0.144,0.0,1.0,0.0,0.0,1.0,1.0,0.0,1.0,0.0,1.0,0.0,1.0,0.0,0.0,0.0,1.0,1,15.87945205,1,1.368421052631579
RCC10-11,0.7368421052631579,51.0,1.0,101.0,0.015384615,1.0,0.0,0.0,1.0,0.0,1.0,0.0,0.0,1.0,0.0,1.0,1.0,0.0,0.0,0.0,1.0,1,68.90958904,0,0.7368421052631579
RCC10-76,1.5263157894736843,54.0,4.0,256.0,0.880597015,0.0,1.0,0.0,0.0,1.0,1.0,0.0,1.0,0.0,0.0,1.0,0.0,1.0,0.0,0.0,1.0,1,28.20821918,1,1.5263157894736843
RCC10-98,1.2105263157894737,69.0,2.0,219.0,1.382978723,1.0,0.0,0.0,0.0,1.0,1.0,0.0,0.0,1.0,0.0,1.0,1.0,0.0,0.0,0.0,1.0,1,39.15616438,1,1.2105263157894737
RCC10-103,1.6578947368421053,63.0,4.0,266.0,1.487179487,0.0,1.0,1.0,0.0,0.0,1.0,0.0,1.0,0.0,1.0,0.0,1.0,0.0,0.0,0.0,1.0,1,13.21643836,0,1.6578947368421053
RCC10-137,0.9473684210526316,60.0,4.0,175.0,0.109375,0.0,1.0,0.0,0.0,1.0,1.0,0.0,0.0,1.0,0.0,1.0,0.0,1.0,0.0,0.0,1.0,1,22.84931507,1,0.9473684210526316
RCC10-169,1.9210526315789476,70.0,8.0,293.0,0.138297872,1.0,0.0,1.0,0.0,0.0,0.0,1.0,1.0,0.0,0.0,1.0,0.0,1.0,0.0,0.0,1.0,1,61.84109589,0,1.9210526315789476
RCC25-1048,0.9210526315789472,56.0,1.0,100.0,0.035087719,0.0,1.0,1.0,0.0,0.0,1.0,0.0,1.0,0.0,0.0,1.0,0.0,1.0,0.0,1.0,0.0,1,51.67967146,1,0.9210526315789472
RCC25-516,1.5526315789473684,62.0,7.0,213.0,0.590361446,0.0,1.0,0.0,1.0,0.0,1.0,0.0,0.0,1.0,0.0,1.0,0.0,1.0,0.0,0.0,1.0,1,50.03696099,1,1.5526315789473684
RCC25-1073,1.4210526315789471,59.0,8.0,435.0,0.041237113,0.0,1.0,0.0,1.0,0.0,1.0,0.0,1.0,0.0,0.0,1.0,1.0,0.0,0.0,0.0,1.0,1,38.57084189,1,1.4210526315789471
RCC25-228,7.657894736842105,43.0,25.0,1170.0,0.11820331,0.0,1.0,1.0,0.0,0.0,1.0,0.0,0.0,1.0,0.0,1.0,0.0,1.0,0.0,1.0,0.0,1,19.31827515,1,7.657894736842105
RCC25-434,2.710526315789474,51.0,3.0,499.0,0.02247191,1.0,0.0,1.0,0.0,0.0,1.0,0.0,0.0,1.0,0.0,1.0,0.0,1.0,0.0,0.0,1.0,1,49.08418891,1,2.710526315789474
RCC25-480,1.131578947368421,60.0,3.0,154.0,0.028037383,0.0,1.0,0.0,1.0,0.0,0.0,1.0,0.0,1.0,0.0,1.0,0.0,1.0,0.0,0.0,1.0,1,28.25462012,1,1.131578947368421
RCC25-451,0.7631578947368421,57.0,1.0,155.0,0.181818182,0.0,1.0,0.0,0.0,1.0,1.0,0.0,0.0,1.0,0.0,1.0,0.0,1.0,0.0,0.0,1.0,1,22.43942505,1,0.7631578947368421
RCC25-596,0.6842105263157895,53.0,0.0,77.0,,0.0,1.0,0.0,0.0,1.0,1.0,0.0,,,,,,,,,,1,22.86652977,1,0.6842105263157895
RCC25-490,2.789473684210526,67.0,2.0,426.0,1.356164384,1.0,0.0,0.0,0.0,1.0,1.0,0.0,1.0,0.0,1.0,0.0,0.0,1.0,0.0,1.0,0.0,1,9.49486653,1,2.789473684210526
RCC25-874,1.973684210526316,62.0,12.0,370.0,0.034090909,0.0,1.0,0.0,1.0,0.0,1.0,0.0,0.0,1.0,0.0,1.0,0.0,1.0,0.0,0.0,1.0,1,41.56057495,1,1.973684210526316
RCC25-805,1.2894736842105263,49.0,2.0,198.0,0.04494382,0.0,1.0,0.0,1.0,0.0,1.0,0.0,1.0,0.0,0.0,1.0,1.0,0.0,0.0,0.0,1.0,1,55.49075975,0,1.2894736842105263
RCC25-116,2.8684210526315788,88.0,8.0,317.0,0.81981982,1.0,0.0,0.0,1.0,0.0,0.0,1.0,0.0,1.0,0.0,1.0,0.0,1.0,0.0,1.0,0.0,1,63.27720739,0,2.8684210526315788
RCC25-753,4.078947368421052,83.0,1.0,648.0,0.324324324,0.0,1.0,0.0,1.0,0.0,1.0,0.0,0.0,1.0,0.0,1.0,0.0,1.0,0.0,1.0,0.0,1,47.70431212,1,4.078947368421052
RCC25-781,1.0,48.0,1.0,167.0,,0.0,1.0,0.0,0.0,1.0,1.0,0.0,,,,,,,,,,1,36.96098563,1,1.0
RCC25-849,1.0789473684210529,52.0,2.0,173.0,0.448979592,1.0,0.0,1.0,0.0,0.0,0.0,1.0,0.0,1.0,0.0,1.0,0.0,1.0,0.0,0.0,1.0,1,40.31211499,0,1.0789473684210529
RCC25-927,2.736842105263158,72.0,10.0,382.0,0.111842105,1.0,0.0,0.0,1.0,0.0,1.0,0.0,0.0,1.0,0.0,1.0,1.0,0.0,0.0,0.0,1.0,1,37.78234086,0,2.736842105263158
RCC25-72,2.473684210526316,77.0,4.0,363.0,0.123376623,0.0,1.0,0.0,1.0,0.0,1.0,0.0,1.0,0.0,1.0,0.0,1.0,0.0,0.0,0.0,1.0,1,13.17453799,1,2.473684210526316
RCC25-922,0.8157894736842105,58.0,0.0,131.0,0.095238095,0.0,1.0,0.0,1.0,0.0,1.0,0.0,0.0,1.0,0.0,1.0,0.0,1.0,0.0,1.0,0.0,1,22.11088296,1,0.8157894736842105
RCC25-346,1.4736842105263157,68.0,9.0,291.0,0.381578947,0.0,1.0,0.0,1.0,0.0,1.0,0.0,1.0,0.0,0.0,1.0,1.0,0.0,0.0,0.0,1.0,1,14.42299795,1,1.4736842105263157
RCC25-639,3.131578947368421,66.0,7.0,503.0,1.573033708,1.0,0.0,1.0,0.0,0.0,1.0,0.0,0.0,1.0,0.0,1.0,0.0,1.0,0.0,0.0,1.0,1,32.75564682,1,3.131578947368421
RCC25-624,0.7368421052631579,64.0,0.0,135.0,,1.0,0.0,0.0,1.0,0.0,1.0,0.0,,,,,,,,,,1,57.3963039,0,0.7368421052631579
RCC25-45,2.763157894736842,74.0,4.0,542.0,2.796610169,0.0,1.0,1.0,0.0,0.0,1.0,0.0,1.0,0.0,0.0,1.0,0.0,1.0,0.0,0.0,1.0,1,43.36755647,1,2.763157894736842
RCC25-787,1.0789473684210529,61.0,6.0,259.0,0.015384615,1.0,0.0,1.0,0.0,0.0,1.0,0.0,1.0,0.0,0.0,1.0,0.0,1.0,0.0,0.0,1.0,1,26.80903491,0,1.0789473684210529
RCC25-931,8.973684210526315,57.0,1.0,1294.0,,1.0,0.0,0.0,1.0,0.0,1.0,0.0,,,,,,,,,,1,33.64271047,0,8.973684210526315
RCC25-941,1.7894736842105263,67.0,9.0,317.0,0.0,0.0,1.0,1.0,0.0,0.0,1.0,0.0,1.0,0.0,0.0,1.0,1.0,0.0,0.0,0.0,1.0,1,22.01232033,0,1.7894736842105263
RCC25-944,2.3684210526315788,54.0,6.0,329.0,1.318181818,1.0,0.0,0.0,1.0,0.0,1.0,0.0,0.0,1.0,1.0,0.0,1.0,0.0,0.0,0.0,1.0,1,53.51950719,0,2.3684210526315788
RCC25-1037,1.7894736842105263,53.0,6.0,341.0,3.303030303,0.0,1.0,1.0,0.0,0.0,1.0,0.0,1.0,0.0,0.0,1.0,0.0,1.0,0.0,1.0,0.0,1,45.53593429,0,1.7894736842105263
RCC25-281,1.5263157894736843,61.0,5.0,125.0,0.261904762,0.0,1.0,1.0,0.0,0.0,0.0,1.0,1.0,0.0,1.0,0.0,0.0,1.0,0.0,0.0,1.0,1,33.44558522,1,1.5263157894736843
RCC25-791,0.8947368421052632,37.0,0.0,84.0,0.295454545,0.0,1.0,0.0,1.0,0.0,0.0,1.0,1.0,0.0,0.0,1.0,0.0,1.0,0.0,0.0,1.0,1,55.68788501,0,0.8947368421052632
RCC25-189,2.289473684210526,78.0,9.0,331.0,0.033783784,0.0,1.0,0.0,1.0,0.0,1.0,0.0,0.0,1.0,0.0,1.0,0.0,1.0,0.0,0.0,1.0,1,41.92197125,1,2.289473684210526
RCC25-297,4.552631578947368,65.0,22.0,,,1.0,0.0,1.0,0.0,0.0,1.0,0.0,,,,,,,,,,1,17.24845996,1,4.552631578947368
RCC25-347,2.1052631578947367,71.0,5.0,325.0,0.167785235,0.0,1.0,0.0,0.0,1.0,1.0,0.0,1.0,0.0,0.0,1.0,1.0,0.0,0.0,0.0,1.0,1,42.38193019,1,2.1052631578947367
RCC25-414,1.4210526315789471,65.0,2.0,260.0,,0.0,1.0,0.0,1.0,0.0,0.0,1.0,,,,,,,,,,1,23.95071869,1,1.4210526315789471
RCC25-3,3.684210526315789,76.0,9.0,565.0,0.671532847,1.0,0.0,1.0,0.0,0.0,1.0,0.0,0.0,1.0,0.0,1.0,0.0,1.0,0.0,0.0,1.0,1,21.2238193,1,3.684210526315789
RCC25-84,2.3947368421052637,75.0,4.0,374.0,0.45045045,0.0,1.0,1.0,0.0,0.0,1.0,0.0,1.0,0.0,1.0,0.0,0.0,1.0,0.0,1.0,0.0,1,44.58316222,1,2.3947368421052637
RCC25-1061,7.736842105263157,63.0,24.0,1448.0,0.0,0.0,1.0,0.0,0.0,1.0,1.0,0.0,1.0,0.0,0.0,1.0,0.0,1.0,0.0,1.0,0.0,1,51.05544148,0,7.736842105263157
RCC25-982,4.7631578947368425,67.0,6.0,882.0,0.098484848,0.0,1.0,0.0,1.0,0.0,1.0,0.0,0.0,1.0,0.0,1.0,1.0,0.0,0.0,0.0,1.0,1,17.83983573,0,4.7631578947368425
RCC25-677,1.6842105263157894,69.0,3.0,246.0,0.197802198,0.0,1.0,1.0,0.0,0.0,1.0,0.0,1.0,0.0,1.0,0.0,1.0,0.0,0.0,0.0,1.0,1,37.81519507,1,1.6842105263157894
RCC25-265,2.0,58.0,11.0,343.0,0.128205128,0.0,1.0,0.0,1.0,0.0,1.0,0.0,0.0,1.0,0.0,1.0,1.0,0.0,0.0,0.0,1.0,1,16.91991786,1,2.0
RCC25-728,2.210526315789474,59.0,11.0,383.0,1.310344828,1.0,0.0,1.0,0.0,0.0,1.0,0.0,1.0,0.0,0.0,1.0,0.0,1.0,0.0,0.0,1.0,1,25.98767967,1,2.210526315789474
RCC25-690,1.263157894736842,41.0,4.0,227.0,0.070588235,0.0,1.0,1.0,0.0,0.0,1.0,0.0,1.0,0.0,1.0,0.0,0.0,1.0,0.0,0.0,1.0,1,46.48870637,1,1.263157894736842
RCC25-861,4.5,59.0,4.0,533.0,2.100671141,0.0,1.0,1.0,0.0,0.0,0.0,1.0,1.0,0.0,0.0,1.0,1.0,0.0,0.0,0.0,1.0,1,36.04106776,1,4.5
RCC25-933,6.7631578947368425,71.0,17.0,1511.0,0.310096154,0.0,1.0,0.0,1.0,0.0,1.0,0.0,1.0,0.0,1.0,0.0,1.0,0.0,0.0,0.0,1.0,1,25.52772074,1,6.7631578947368425
RCC25-229,1.236842105263158,61.0,2.0,189.0,0.155963303,0.0,1.0,1.0,0.0,0.0,1.0,0.0,1.0,0.0,0.0,1.0,0.0,1.0,0.0,0.0,1.0,1,42.28336756,1,1.236842105263158
RCC25-504,2.473684210526316,82.0,4.0,383.0,0.888888889,0.0,1.0,1.0,0.0,0.0,1.0,0.0,0.0,1.0,0.0,1.0,1.0,0.0,0.0,0.0,1.0,1,53.15811088,1,2.473684210526316
RCC25-649,1.4210526315789471,62.0,3.0,118.0,0.261538462,0.0,1.0,1.0,0.0,0.0,0.0,1.0,1.0,0.0,0.0,1.0,1.0,0.0,0.0,0.0,1.0,1,57.06776181,0,1.4210526315789471
RCC25-756,1.8421052631578947,63.0,8.0,337.0,0.263736264,0.0,1.0,1.0,0.0,0.0,1.0,0.0,1.0,0.0,0.0,1.0,0.0,1.0,0.0,0.0,1.0,1,55.35934292,0,1.8421052631578947
RCC25-892,1.5263157894736843,67.0,2.0,296.0,0.426470588,0.0,1.0,1.0,0.0,0.0,1.0,0.0,1.0,0.0,0.0,1.0,0.0,1.0,0.0,0.0,1.0,1,55.12936345,0,1.5263157894736843
RCC_106,1.868421052631579,61.0,5.0,288.0,0.371428571,1.0,0.0,,,,1.0,0.0,1.0,0.0,1.0,0.0,1.0,0.0,0.0,0.0,1.0,1,28.60273973,0,1.868421052631579
RCC_14,2.210526315789474,59.0,5.0,180.0,0.102803738,0.0,1.0,,,,0.0,1.0,1.0,0.0,0.0,1.0,1.0,0.0,0.0,0.0,1.0,1,33.69863014,0,2.210526315789474
RCC_50,3.289473684210526,63.0,10.0,492.0,0.254098361,1.0,0.0,,,,1.0,0.0,1.0,0.0,0.0,1.0,1.0,0.0,0.0,0.0,1.0,1,32.28493151,0,3.289473684210526
RCC_93,2.289473684210526,64.0,5.0,268.0,0.168316832,0.0,1.0,,,,1.0,0.0,1.0,0.0,0.0,1.0,0.0,1.0,0.0,0.0,1.0,1,22.48767123,1,2.289473684210526
RCC10-147,1.1578947368421053,57.0,7.0,282.0,1.323076923,0.0,1.0,0.0,0.0,1.0,1.0,0.0,1.0,0.0,0.0,1.0,1.0,0.0,0.0,0.0,1.0,0,1.97260274,1,1.1578947368421053
RCC10-44,0.5263157894736842,56.0,0.0,175.0,23.5,1.0,0.0,0.0,1.0,0.0,1.0,0.0,1.0,0.0,0.0,1.0,0.0,1.0,0.0,0.0,1.0,0,4.536986301,1,0.5263157894736842
RCC10-84,0.8157894736842105,60.0,3.0,207.0,,1.0,0.0,0.0,1.0,0.0,1.0,0.0,,,,,,,,,,0,56.71232877,1,0.8157894736842105
RCC10-93,0.1052631578947368,46.0,0.0,201.0,12.0,0.0,1.0,0.0,1.0,0.0,1.0,0.0,0.0,1.0,0.0,1.0,1.0,0.0,0.0,0.0,1.0,0,5.128767123,1,0.1052631578947368
RCC10-68,0.5526315789473685,60.0,0.0,180.0,0.131578947,1.0,0.0,1.0,0.0,0.0,0.0,1.0,1.0,0.0,1.0,0.0,1.0,0.0,0.0,0.0,1.0,0,4.175342466,1,0.5526315789473685
RCC10-35,0.1052631578947368,67.0,0.0,127.0,0.0,0.0,1.0,0.0,0.0,1.0,1.0,0.0,0.0,1.0,0.0,1.0,0.0,1.0,0.0,0.0,1.0,0,2.95890411,1,0.1052631578947368
RCC10-125,0.8947368421052632,59.0,1.0,196.0,0.145454545,1.0,0.0,0.0,1.0,0.0,1.0,0.0,0.0,1.0,0.0,1.0,1.0,0.0,0.0,1.0,0.0,0,69.99452055,0,0.8947368421052632
RCC10-92,0.631578947368421,50.0,1.0,236.0,0.264705882,0.0,1.0,1.0,0.0,0.0,1.0,0.0,1.0,0.0,0.0,1.0,1.0,0.0,0.0,0.0,1.0,0,25.31506849,1,0.631578947368421
RCC10-150,1.5263157894736843,74.0,1.0,286.0,0.516483516,0.0,1.0,1.0,0.0,0.0,1.0,0.0,1.0,0.0,1.0,0.0,1.0,0.0,0.0,0.0,1.0,0,7.956164384,1,1.5263157894736843
RCC25-117,0.4736842105263157,37.0,2.0,67.0,0.541666667,1.0,0.0,1.0,0.0,0.0,1.0,0.0,0.0,1.0,0.0,1.0,0.0,1.0,0.0,0.0,1.0,0,10.87474333,1,0.4736842105263157
RCC25-201,1.8157894736842104,69.0,4.0,327.0,0.433121019,0.0,1.0,0.0,1.0,0.0,1.0,0.0,1.0,0.0,0.0,1.0,1.0,0.0,0.0,0.0,1.0,0,8.049281314,1,1.8157894736842104
RCC25-96,0.9473684210526316,54.0,2.0,73.0,,0.0,1.0,1.0,0.0,0.0,0.0,1.0,,,,,,,,,,0,63.27720739,0,0.9473684210526316
RCC25-360,3.1052631578947367,75.0,6.0,529.0,3.928571429,0.0,1.0,0.0,0.0,1.0,1.0,0.0,0.0,1.0,0.0,1.0,0.0,1.0,0.0,0.0,1.0,0,47.21149897,0,3.1052631578947367
RCC25-1069,1.947368421052632,76.0,5.0,300.0,1.125,0.0,1.0,0.0,1.0,0.0,1.0,0.0,0.0,1.0,0.0,1.0,1.0,0.0,0.0,0.0,1.0,0,7.359342916,1,1.947368421052632
RCC25-398,1.263157894736842,71.0,6.0,298.0,0.0,0.0,1.0,0.0,1.0,0.0,1.0,0.0,1.0,0.0,0.0,1.0,1.0,0.0,0.0,0.0,1.0,0,29.73305955,1,1.263157894736842
RCC25-996,1.868421052631579,60.0,10.0,445.0,0.212765957,0.0,1.0,0.0,1.0,0.0,1.0,0.0,1.0,0.0,1.0,0.0,1.0,0.0,0.0,0.0,1.0,0,15.21149897,1,1.868421052631579
RCC25-406,0.6842105263157895,64.0,0.0,40.0,,0.0,1.0,0.0,0.0,1.0,0.0,1.0,,,,,,,,,,0,5.092402464,1,0.6842105263157895
RCC25-1053,1.8157894736842104,59.0,8.0,260.0,0.29245283,1.0,0.0,0.0,1.0,0.0,1.0,0.0,0.0,1.0,0.0,1.0,0.0,1.0,0.0,0.0,1.0,0,6.570841889,1,1.8157894736842104
RCC25-134,3.8684210526315783,31.0,1.0,550.0,,0.0,1.0,0.0,1.0,0.0,1.0,0.0,,,,,,,,,,0,21.9137577,1,3.8684210526315783
RCC25-32,1.7894736842105263,65.0,5.0,286.0,0.597402597,0.0,1.0,0.0,0.0,1.0,1.0,0.0,0.0,1.0,0.0,1.0,1.0,0.0,0.0,0.0,1.0,0,7.195071869,1,1.7894736842105263
RCC25-57,0.9736842105263158,38.0,1.0,152.0,0.283783784,0.0,1.0,0.0,1.0,0.0,0.0,1.0,0.0,1.0,0.0,1.0,1.0,0.0,0.0,0.0,1.0,0,40.01642711,1,0.9736842105263158
RCC25-793,1.131578947368421,45.0,3.0,157.0,0.197183099,0.0,1.0,1.0,0.0,0.0,1.0,0.0,1.0,0.0,1.0,0.0,1.0,0.0,0.0,0.0,1.0,0,31.17864476,1,1.131578947368421
RCC25-1040,1.7894736842105263,51.0,4.0,264.0,0.010526316,1.0,0.0,1.0,0.0,0.0,1.0,0.0,0.0,1.0,1.0,0.0,0.0,1.0,0.0,1.0,0.0,0,2.431211499,1,1.7894736842105263
RCC25-122,2.8947368421052637,72.0,3.0,452.0,2.206896552,0.0,1.0,0.0,1.0,0.0,1.0,0.0,0.0,1.0,0.0,1.0,1.0,0.0,0.0,0.0,1.0,0,19.74537988,1,2.8947368421052637
RCC25-371,1.3421052631578947,43.0,6.0,295.0,0.139240505999999,0.0,1.0,0.0,0.0,1.0,1.0,0.0,1.0,0.0,1.0,0.0,1.0,0.0,0.0,0.0,1.0,0,5.256673511,1,1.3421052631578947
RCC25-59,1.5526315789473684,64.0,7.0,274.0,0.666666667,0.0,1.0,0.0,1.0,0.0,1.0,0.0,0.0,1.0,0.0,1.0,0.0,1.0,0.0,0.0,1.0,0,12.74743327,1,1.5526315789473684
RCC25-715,1.947368421052632,73.0,3.0,275.0,0.243902439,0.0,1.0,0.0,0.0,1.0,1.0,0.0,1.0,0.0,0.0,1.0,1.0,0.0,0.0,1.0,0.0,0,4.73100616,1,1.947368421052632
RCC25-914,1.763157894736842,54.0,5.0,222.0,0.510869565,0.0,1.0,0.0,1.0,0.0,0.0,1.0,1.0,0.0,0.0,1.0,1.0,0.0,0.0,0.0,1.0,0,9.724845996,1,1.763157894736842
RCC25-1064,2.0,64.0,3.0,288.0,0.128440367,1.0,0.0,0.0,0.0,1.0,1.0,0.0,0.0,1.0,0.0,1.0,0.0,1.0,0.0,1.0,0.0,0,27.00616016,0,2.0
RCC25-1065,1.4473684210526316,55.0,8.0,214.0,0.213333333,0.0,1.0,0.0,1.0,0.0,1.0,0.0,1.0,0.0,0.0,1.0,1.0,0.0,0.0,0.0,1.0,0,50.85831622,0,1.4473684210526316
RCC25-509,1.6842105263157894,60.0,5.0,240.0,0.234693878,0.0,1.0,0.0,0.0,1.0,1.0,0.0,0.0,1.0,0.0,1.0,1.0,0.0,0.0,0.0,1.0,0,6.53798768,1,1.6842105263157894
RCC25-650,1.947368421052632,57.0,2.0,227.0,0.786666667,0.0,1.0,0.0,0.0,1.0,0.0,1.0,1.0,0.0,0.0,1.0,1.0,0.0,0.0,0.0,1.0,0,8.147843943,1,1.947368421052632
RCC25-889,1.4210526315789471,57.0,6.0,261.0,0.117647059,0.0,1.0,1.0,0.0,0.0,0.0,1.0,0.0,1.0,0.0,1.0,0.0,1.0,0.0,1.0,0.0,0,20.13963039,1,1.4210526315789471
RCC25-344,1.7105263157894737,40.0,7.0,287.0,0.391666667,0.0,1.0,0.0,1.0,0.0,1.0,0.0,1.0,0.0,0.0,1.0,1.0,0.0,0.0,0.0,1.0,0,11.86036961,1,1.7105263157894737
RCC25-20,1.9210526315789476,66.0,4.0,266.0,0.852941176,1.0,0.0,0.0,1.0,0.0,1.0,0.0,0.0,1.0,0.0,1.0,0.0,1.0,0.0,0.0,1.0,0,43.33470226,1,1.9210526315789476
RCC25-671,1.4736842105263157,82.0,1.0,273.0,0.733333333,0.0,1.0,0.0,0.0,1.0,1.0,0.0,1.0,0.0,0.0,1.0,1.0,0.0,0.0,0.0,1.0,0,1.77412731,1,1.4736842105263157
RCC25-8,1.631578947368421,46.0,4.0,252.0,3.892857143,0.0,1.0,1.0,0.0,0.0,1.0,0.0,0.0,1.0,0.0,1.0,0.0,1.0,0.0,0.0,1.0,0,12.48459959,0,1.631578947368421
RCC25-166,1.4210526315789471,56.0,4.0,298.0,0.134146341,0.0,1.0,0.0,1.0,0.0,1.0,0.0,1.0,0.0,0.0,1.0,0.0,1.0,0.0,0.0,1.0,0,12.09034908,1,1.4210526315789471
RCC25-559,0.5,51.0,1.0,67.0,0.029411765,0.0,1.0,0.0,1.0,0.0,0.0,1.0,1.0,0.0,0.0,1.0,0.0,1.0,0.0,0.0,1.0,0,10.64476386,1,0.5
RCC25-562,2.3684210526315788,56.0,5.0,387.0,0.204918033,0.0,1.0,1.0,0.0,0.0,1.0,0.0,1.0,0.0,0.0,1.0,0.0,1.0,0.0,1.0,0.0,0,16.03285421,1,2.3684210526315788
RCC25-915,1.973684210526316,74.0,6.0,330.0,0.083333333,0.0,1.0,0.0,1.0,0.0,1.0,0.0,0.0,1.0,0.0,1.0,0.0,1.0,0.0,0.0,1.0,0,8.706365503,1,1.973684210526316
RCC25-68,1.4736842105263157,52.0,3.0,184.0,0.095238095,0.0,1.0,0.0,0.0,1.0,0.0,1.0,1.0,0.0,0.0,1.0,0.0,1.0,0.0,0.0,1.0,0,3.811088296,1,1.4736842105263157
RCC25-257,4.657894736842105,80.0,17.0,754.0,0.659313725,0.0,1.0,0.0,1.0,0.0,1.0,0.0,0.0,1.0,0.0,1.0,0.0,1.0,0.0,0.0,1.0,0,38.80082136,1,4.657894736842105
RCC25-533,1.605263157894737,64.0,11.0,227.0,0.03164557,1.0,0.0,0.0,1.0,0.0,1.0,0.0,1.0,0.0,0.0,1.0,0.0,1.0,0.0,0.0,1.0,0,32.6899384,1,1.605263157894737
RCC25-732,1.736842105263158,49.0,5.0,269.0,1.756097561,0.0,1.0,0.0,0.0,1.0,1.0,0.0,1.0,0.0,0.0,1.0,0.0,1.0,0.0,1.0,0.0,0,1.577002053,1,1.736842105263158
RCC25-924,1.4210526315789471,63.0,6.0,219.0,0.453125,0.0,1.0,0.0,0.0,1.0,1.0,0.0,1.0,0.0,0.0,1.0,1.0,0.0,0.0,0.0,1.0,0,3.58110883,1,1.4210526315789471
RCC25-89,0.5,46.0,3.0,77.0,15.5,0.0,1.0,0.0,1.0,0.0,1.0,0.0,1.0,0.0,0.0,1.0,0.0,1.0,0.0,0.0,1.0,0,12.8788501,1,0.5
RCC25-582,2.763157894736842,61.0,12.0,370.0,0.398550725,0.0,1.0,0.0,1.0,0.0,0.0,1.0,1.0,0.0,0.0,1.0,0.0,1.0,0.0,0.0,1.0,0,3.54825462,1,2.763157894736842
RCC25-66,1.8421052631578947,62.0,4.0,302.0,0.666666667,0.0,1.0,0.0,1.0,0.0,1.0,0.0,1.0,0.0,0.0,1.0,1.0,0.0,0.0,0.0,1.0,0,56.54209446,1,1.8421052631578947
RCC25-79,2.0526315789473686,39.0,2.0,313.0,0.0737704919999999,1.0,0.0,0.0,1.0,0.0,1.0,0.0,0.0,1.0,0.0,1.0,1.0,0.0,0.0,0.0,1.0,0,13.33880904,1,2.0526315789473686
RCC25-522,1.368421052631579,40.0,2.0,291.0,0.4,0.0,1.0,0.0,0.0,1.0,1.0,0.0,1.0,0.0,0.0,1.0,1.0,0.0,0.0,0.0,1.0,0,4.73100616,1,1.368421052631579
RCC25-146,1.763157894736842,66.0,2.0,219.0,1.181818182,0.0,1.0,0.0,0.0,1.0,1.0,0.0,0.0,1.0,0.0,1.0,0.0,1.0,0.0,0.0,1.0,0,13.43737166,1,1.763157894736842
RCC25-78,2.1578947368421053,60.0,15.0,348.0,0.212389381,1.0,0.0,0.0,1.0,0.0,1.0,0.0,1.0,0.0,0.0,1.0,1.0,0.0,0.0,0.0,1.0,0,2.924024641,1,2.1578947368421053
RCC25-321,1.2105263157894737,36.0,1.0,169.0,0.793650794,0.0,1.0,0.0,1.0,0.0,1.0,0.0,0.0,1.0,0.0,1.0,0.0,1.0,0.0,0.0,1.0,0,15.11293635,1,1.2105263157894737
RCC25-675,3.5,76.0,10.0,402.0,1.37037037,0.0,1.0,0.0,1.0,0.0,0.0,1.0,1.0,0.0,0.0,1.0,0.0,1.0,0.0,0.0,1.0,0,8.213552361,1,3.5
RCC25-378,1.368421052631579,47.0,4.0,272.0,0.328358209,1.0,0.0,1.0,0.0,0.0,0.0,1.0,1.0,0.0,1.0,0.0,1.0,0.0,0.0,0.0,1.0,0,16.78850103,1,1.368421052631579
RCC25-349,1.7105263157894737,70.0,6.0,337.0,0.714285714,1.0,0.0,0.0,1.0,0.0,1.0,0.0,0.0,1.0,0.0,1.0,0.0,1.0,0.0,0.0,1.0,0,16.95277207,1,1.7105263157894737
RCC25-495,3.4473684210526314,58.0,10.0,672.0,0.1829653,0.0,1.0,1.0,0.0,0.0,1.0,0.0,1.0,0.0,0.0,1.0,1.0,0.0,0.0,1.0,0.0,0,3.58110883,1,3.4473684210526314
RCC25-535,3.473684210526316,50.0,16.0,490.0,0.136518771,0.0,1.0,0.0,1.0,0.0,1.0,0.0,1.0,0.0,0.0,1.0,1.0,0.0,0.0,0.0,1.0,0,5.519507187,0,3.473684210526316
RCC25-992,2.710526315789474,58.0,5.0,478.0,0.54028436,0.0,1.0,0.0,0.0,1.0,1.0,0.0,1.0,0.0,0.0,1.0,1.0,0.0,0.0,0.0,1.0,0,13.33880904,1,2.710526315789474
RCC25-899,2.289473684210526,53.0,6.0,401.0,0.195652174,0.0,1.0,1.0,0.0,0.0,1.0,0.0,0.0,1.0,0.0,1.0,0.0,1.0,0.0,1.0,0.0,0,5.585215606,1,2.289473684210526
RCC25-575,1.0263157894736843,60.0,5.0,193.0,0.290909091,0.0,1.0,0.0,1.0,0.0,1.0,0.0,1.0,0.0,0.0,1.0,0.0,1.0,0.0,0.0,1.0,0,3.318275154,1,1.0263157894736843
RCC25-754,1.5526315789473684,71.0,6.0,322.0,1.279069767,0.0,1.0,0.0,1.0,0.0,1.0,0.0,0.0,1.0,0.0,1.0,0.0,1.0,0.0,0.0,1.0,0,34.03696099,1,1.5526315789473684
RCC25-105,0.8947368421052632,63.0,1.0,130.0,,1.0,0.0,1.0,0.0,0.0,1.0,0.0,,,,,,,,,,0,63.50718686,0,0.8947368421052632
RCC25-836,1.236842105263158,52.0,2.0,170.0,0.966101695,0.0,1.0,1.0,0.0,0.0,0.0,1.0,1.0,0.0,0.0,1.0,1.0,0.0,0.0,0.0,1.0,0,54.80082136,0,1.236842105263158
RCC_105,2.6052631578947367,64.0,5.0,368.0,0.152542373,0.0,1.0,,,,1.0,0.0,1.0,0.0,0.0,1.0,0.0,1.0,0.0,0.0,1.0,0,3.879452055,1,2.6052631578947367
RCC_18,1.5789473684210529,68.0,2.0,345.0,0.568627451,0.0,1.0,,,,1.0,0.0,1.0,0.0,0.0,1.0,1.0,0.0,0.0,0.0,1.0,0,3.649315068,0,1.5789473684210529
RCC_27,2.5,59.0,8.0,356.0,0.525641026,0.0,1.0,,,,0.0,1.0,1.0,0.0,0.0,1.0,0.0,1.0,0.0,0.0,1.0,0,31.82465753,0,2.5
RCC_41,1.868421052631579,66.0,5.0,239.0,0.057471264,0.0,1.0,,,,0.0,1.0,1.0,0.0,0.0,1.0,1.0,0.0,0.0,0.0,1.0,0,6.410958904,0,1.868421052631579
RCC_73,1.1578947368421053,77.0,0.0,169.0,0.805555556,0.0,1.0,,,,1.0,0.0,1.0,0.0,0.0,1.0,0.0,1.0,0.0,0.0,1.0,0,5.852054795,1,1.1578947368421053
RCC_90,2.631578947368421,54.0,5.0,359.0,0.40625,0.0,1.0,,,,1.0,0.0,1.0,0.0,0.0,1.0,1.0,0.0,0.0,0.0,1.0,0,16.40547945,1,2.631578947368421
RCC_96,3.947368421052632,75.0,10.0,472.0,1.289156627,1.0,0.0,,,,1.0,0.0,0.0,1.0,0.0,1.0,0.0,1.0,0.0,0.0,1.0,0,19.13424658,0,3.947368421052632
RCC_99,2.6052631578947367,50.0,6.0,238.0,0.890625,0.0,1.0,,,,0.0,1.0,1.0,0.0,0.0,1.0,0.0,1.0,0.0,1.0,0.0,0,1.347945205,1,2.6052631578947367
