patientID,Purity,TMB,TMB_clonal,TMB_subclonal,CNA_prop,heterogeneity,MHC-II,Sex_F,Sex_M,ECOG_0,ECOG_1,ECOG_2,ECOG_3,Primary_Type_binary_0,Primary_Type_binary_1,response,OS,OS_Event,TMB_origin
Patient1,0.92,0.5789473684210527,0.3157894736842105,0.2631578947368421,0.321417021,0.454545455,6293.852766,0.0,1.0,0.0,1.0,0.0,0.0,1.0,0.0,0,9.297741273,1,0.5789473684210527
Patient10,0.83,1.868421052631579,1.263157894736842,0.5789473684210527,0.391383951,0.314285714,5649.411609,0.0,1.0,0.0,1.0,0.0,0.0,1.0,0.0,0,37.42094456,1,1.868421052631579
Patient100,0.11,3.3157894736842106,2.5789473684210527,0.631578947368421,0.02944673,0.196721311,8461.527666,0.0,1.0,0.0,1.0,0.0,0.0,1.0,0.0,1,30.81724846,1,3.3157894736842106
Patient102,0.7,6.473684210526316,5.657894736842105,0.6842105263157895,0.169389493,0.107883817,4007.311639,1.0,0.0,1.0,0.0,0.0,0.0,0.0,1.0,0,25.79055441,0,6.473684210526316
Patient105,0.86,3.289473684210526,2.236842105263158,0.6052631578947368,0.394305859,0.212962963,258.0283192,0.0,1.0,1.0,0.0,0.0,0.0,1.0,0.0,0,17.11704312,1,3.289473684210526
Patient106,0.62,6.447368421052632,5.105263157894737,0.9473684210526315,0.22414699,0.156521739,7088.019106,0.0,1.0,1.0,0.0,0.0,0.0,1.0,0.0,1,25.62628337,0,6.447368421052632
Patient107,0.76,4.157894736842105,3.5,0.5263157894736842,0.144822308,0.130718954,709.0167894,1.0,0.0,1.0,0.0,0.0,0.0,1.0,0.0,0,1.544147844,1,4.157894736842105
Patient108,0.89,1.1842105263157894,0.8157894736842105,0.3684210526315789,0.125993376,0.311111111,2075.389113,1.0,0.0,1.0,0.0,0.0,0.0,0.0,1.0,0,5.420944559,1,1.1842105263157894
Patient11,0.77,4.526315789473684,3.4473684210526314,0.9210526315789473,0.238964456,0.210843373,5775.793694,0.0,1.0,0.0,1.0,0.0,0.0,1.0,0.0,0,5.256673511,1,4.526315789473684
Patient112,0.42,6.342105263157895,4.947368421052632,1.236842105263158,0.347155573,0.2,7352.58883,0.0,1.0,1.0,0.0,0.0,0.0,1.0,0.0,0,17.11704312,1,6.342105263157895
Patient116,0.62,6.052631578947368,4.631578947368421,1.0,0.131587444,0.177570093,4106.038078,0.0,1.0,1.0,0.0,0.0,0.0,1.0,0.0,0,3.876796715,1,6.052631578947368
Patient117,0.33,0.8947368421052632,0.4473684210526316,0.3684210526315789,0.392475013,0.451612903,9156.983785,0.0,1.0,1.0,0.0,0.0,0.0,1.0,0.0,0,9.691991786,1,0.8947368421052632
Patient121,0.4,20.18421052631579,15.473684210526315,3.3684210526315788,0.085643565,0.17877095,7755.47526,0.0,1.0,0.0,1.0,0.0,0.0,1.0,0.0,1,42.90759754,0,20.18421052631579
Patient125,0.1,1.5,1.0526315789473684,0.18421052631578946,0.018852639,0.14893617,9212.480172,1.0,0.0,1.0,0.0,0.0,0.0,1.0,0.0,1,32.13141684,0,1.5
Patient126,0.64,17.263157894736842,14.552631578947368,2.1578947368421053,0.070364788,0.129133858,9405.765791,1.0,0.0,1.0,0.0,0.0,0.0,1.0,0.0,1,32.59137577,0,17.263157894736842
Patient127,0.41,10.894736842105264,9.236842105263158,1.3157894736842106,0.231090779,0.124688279,4426.56335,1.0,0.0,0.0,1.0,0.0,0.0,1.0,0.0,1,28.45174538,0,10.894736842105264
Patient13,0.89,15.605263157894736,13.710526315789474,1.394736842105263,0.13403875,0.092334495,3894.788486,1.0,0.0,0.0,1.0,0.0,0.0,1.0,0.0,0,1.905544148,1,15.605263157894736
Patient130,0.66,7.394736842105263,5.973684210526316,1.263157894736842,0.132201041,0.174545455,8120.196507,0.0,1.0,1.0,0.0,0.0,0.0,1.0,0.0,0,6.308008214,1,7.394736842105263
Patient131,0.64,8.18421052631579,6.078947368421052,1.894736842105263,0.062751333,0.237623762,6347.479055,1.0,0.0,1.0,0.0,0.0,0.0,1.0,0.0,1,27.36755647,0,8.18421052631579
Patient132,0.23,16.57894736842105,15.736842105263158,0.4473684210526316,0.129693461,0.027642276,9075.313734,1.0,0.0,1.0,0.0,0.0,0.0,1.0,0.0,1,24.27926078,0,16.57894736842105
Patient133,0.51,8.973684210526315,6.7368421052631575,2.0,0.048566109,0.228915663,7535.913373,1.0,0.0,1.0,0.0,0.0,0.0,1.0,0.0,0,12.15605749,1,8.973684210526315
Patient134,0.38,8.631578947368421,6.2894736842105265,2.0789473684210527,0.079132106,0.248427673,8108.371845,1.0,0.0,1.0,0.0,0.0,0.0,1.0,0.0,0,19.38398357,1,8.631578947368421
Patient135,0.78,10.210526315789474,8.973684210526315,0.7894736842105263,0.030461458,0.080862534,6924.809747,1.0,0.0,1.0,0.0,0.0,0.0,1.0,0.0,1,20.63244353,0,10.210526315789474
Patient137,0.19,22.63157894736842,17.86842105263158,4.078947368421052,0.096268104,0.185851319,9154.819951,0.0,1.0,0.0,1.0,0.0,0.0,1.0,0.0,1,25.36344969,0,22.63157894736842
Patient14,0.51,0.7894736842105263,0.5526315789473685,0.23684210526315788,0.244658956,0.3,7914.205716,0.0,1.0,1.0,0.0,0.0,0.0,0.0,1.0,0,6.110882957,1,0.7894736842105263
Patient140,0.94,54.6578947368421,48.3421052631579,5.078947368421052,0.188948385,0.095073892,6682.98818,1.0,0.0,0.0,1.0,0.0,0.0,1.0,0.0,0,11.53182752,1,54.6578947368421
Patient141,0.72,1.5789473684210527,1.394736842105263,0.05263157894736842,0.130179253,0.036363636,717.851967,0.0,1.0,1.0,0.0,0.0,0.0,1.0,0.0,1,28.74743326,0,1.5789473684210527
Patient142,0.62,1.263157894736842,0.9736842105263158,0.2631578947368421,0.117839207,0.212765957,7180.73199,0.0,1.0,1.0,0.0,0.0,0.0,1.0,0.0,1,32.72279261,0,1.263157894736842
Patient143,0.5,8.789473684210526,7.7368421052631575,0.8421052631578947,0.206019013,0.098159509,6393.244206,1.0,0.0,1.0,0.0,0.0,0.0,1.0,0.0,0,20.69815195,0,8.789473684210526
Patient144,0.88,21.68421052631579,18.842105263157894,2.210526315789474,0.171967485,0.105,5087.847582,1.0,0.0,1.0,0.0,0.0,0.0,1.0,0.0,1,21.74948665,0,21.68421052631579
Patient145,0.67,7.578947368421052,6.947368421052632,0.34210526315789475,0.224408315,0.046931408,7143.484281,1.0,0.0,1.0,0.0,0.0,0.0,1.0,0.0,1,27.36755647,0,7.578947368421052
Patient146,0.89,9.868421052631579,8.052631578947368,0.9210526315789473,0.231218754,0.102639296,4465.367527,0.0,1.0,1.0,0.0,0.0,0.0,1.0,0.0,1,20.10677618,0,9.868421052631579
Patient147,0.93,14.263157894736842,12.81578947368421,1.0263157894736843,0.076011666,0.074144487,4037.675291,1.0,0.0,1.0,0.0,0.0,0.0,1.0,0.0,1,31.54004107,0,14.263157894736842
Patient148,0.84,8.421052631578947,6.7894736842105265,1.0,0.252572663,0.128378378,7686.484787,0.0,1.0,1.0,0.0,0.0,0.0,1.0,0.0,1,26.02053388,0,8.421052631578947
Patient149,0.44,5.7631578947368425,4.947368421052632,0.6842105263157895,0.115692174,0.121495327,8883.89238,1.0,0.0,0.0,1.0,0.0,0.0,1.0,0.0,1,16.32854209,1,5.7631578947368425
Patient15,0.61,4.7894736842105265,3.526315789473684,1.0789473684210527,0.187909079,0.234285714,7688.987236,0.0,1.0,1.0,0.0,0.0,0.0,1.0,0.0,0,4.895277207,1,4.7894736842105265
Patient150,0.69,0.6052631578947368,0.4473684210526316,0.15789473684210525,0.213885141,0.260869565,6990.524689,1.0,0.0,1.0,0.0,0.0,0.0,1.0,0.0,1,22.50513347,0,0.6052631578947368
Patient154,0.23,1.894736842105263,1.605263157894737,0.23684210526315788,0.131364345,0.128571429,6131.677,0.0,1.0,1.0,0.0,0.0,0.0,1.0,0.0,1,20.862423,0,1.894736842105263
Patient155,0.6,6.7105263157894735,4.868421052631579,1.631578947368421,0.188740935,0.251012146,6710.268519,1.0,0.0,1.0,0.0,0.0,0.0,1.0,0.0,0,15.60574949,0,6.7105263157894735
Patient156,0.51,5.315789473684211,4.2105263157894735,0.9473684210526315,0.251593523,0.183673469,4265.418549,1.0,0.0,1.0,0.0,0.0,0.0,1.0,0.0,0,2.858316222,1,5.315789473684211
Patient158,0.75,60.421052631578945,51.3421052631579,7.973684210526316,0.1579233,0.134427684,7166.830336,1.0,0.0,0.0,1.0,0.0,0.0,1.0,0.0,0,6.373716632,0,60.421052631578945
Patient159,0.78,1.2105263157894737,0.8157894736842105,0.34210526315789475,0.280752813,0.295454545,6731.062564,0.0,1.0,0.0,1.0,0.0,0.0,0.0,1.0,1,9.46201232,0,1.2105263157894737
Patient162,0.83,41.21052631578947,39.526315789473685,0.8157894736842105,0.123756314,0.020221787,6839.851306,1.0,0.0,1.0,0.0,0.0,0.0,1.0,0.0,0,6.603696099,1,41.21052631578947
Patient163,0.83,5.2894736842105265,4.7368421052631575,0.3157894736842105,0.193168456,0.0625,6773.138383,1.0,0.0,0.0,1.0,0.0,0.0,1.0,0.0,0,5.683778234,1,5.2894736842105265
Patient165,0.8,16.86842105263158,14.736842105263158,1.5789473684210527,0.324660445,0.096774194,5109.462022,1.0,0.0,1.0,0.0,0.0,0.0,1.0,0.0,0,2.464065708,0,16.86842105263158
Patient166,0.86,0.2631578947368421,0.15789473684210525,0.10526315789473684,0.151364891,0.4,-85.73194863,0.0,1.0,1.0,0.0,0.0,0.0,1.0,0.0,1,6.735112936,1,0.2631578947368421
Patient167,0.63,1.105263157894737,0.8157894736842105,0.2894736842105263,0.541130726,0.261904762,8055.31936,0.0,1.0,1.0,0.0,0.0,0.0,1.0,0.0,0,9.264887064,1,1.105263157894737
Patient168,0.78,0.8157894736842105,0.6842105263157895,0.13157894736842105,0.178141854,0.161290323,2329.878176,1.0,0.0,1.0,0.0,0.0,0.0,1.0,0.0,1,20.46817248,0,0.8157894736842105
Patient169,0.59,36.36842105263158,29.289473684210527,6.184210526315789,0.196949537,0.174332344,8591.019977,1.0,0.0,1.0,0.0,0.0,0.0,1.0,0.0,1,17.83983573,0,36.36842105263158
Patient17,0.38,9.605263157894736,8.026315789473685,1.368421052631579,0.059114148,0.145658263,7766.089912,1.0,0.0,1.0,0.0,0.0,0.0,1.0,0.0,1,22.53798768,1,9.605263157894736
Patient170,0.78,1.4736842105263157,1.263157894736842,0.21052631578947367,0.116162455,0.142857143,8108.350163,1.0,0.0,1.0,0.0,0.0,0.0,1.0,0.0,1,11.40041068,0,1.4736842105263157
Patient172,0.23,17.842105263157894,13.894736842105264,2.973684210526316,0.061750916,0.176287051,8708.444743,1.0,0.0,1.0,0.0,0.0,0.0,1.0,0.0,1,8.936344969,0,17.842105263157894
Patient173,0.8,1.894736842105263,1.5263157894736843,0.23684210526315788,0.168239373,0.134328358,4457.291253,0.0,1.0,1.0,0.0,0.0,0.0,1.0,0.0,0,1.379876797,1,1.894736842105263
Patient179,0.84,12.578947368421053,10.710526315789474,1.7105263157894737,0.125244494,0.137711864,-920.2570478,0.0,1.0,1.0,0.0,0.0,0.0,1.0,0.0,1,21.45379877,0,12.578947368421053
Patient18,0.92,9.0,7.7105263157894735,1.105263157894737,0.147651333,0.125373134,6216.95682,1.0,0.0,1.0,0.0,0.0,0.0,1.0,0.0,0,4.271047228,1,9.0
Patient181,0.64,7.2368421052631575,5.7105263157894735,1.0,0.333306508,0.149019608,7290.593457,0.0,1.0,1.0,0.0,0.0,0.0,1.0,0.0,1,15.6386037,0,7.2368421052631575
Patient183,0.51,8.605263157894736,7.368421052631579,1.0263157894736843,0.165677406,0.122257053,7929.537196,1.0,0.0,0.0,1.0,0.0,0.0,1.0,0.0,0,18.7926078,1,8.605263157894736
Patient184,0.66,52.18421052631579,43.05263157894737,7.473684210526316,0.084780734,0.147916667,8016.41492,1.0,0.0,1.0,0.0,0.0,0.0,1.0,0.0,1,16.85420945,0,52.18421052631579
Patient185,0.55,4.131578947368421,3.210526315789474,0.7105263157894737,0.201951363,0.181208054,6842.478846,1.0,0.0,1.0,0.0,0.0,0.0,1.0,0.0,1,6.669404517,0,4.131578947368421
Patient187,0.75,3.5,2.789473684210526,0.6052631578947368,0.160872322,0.178294574,8155.927305,0.0,1.0,1.0,0.0,0.0,0.0,1.0,0.0,1,20.27104723,0,3.5
Patient188,0.91,0.5789473684210527,0.42105263157894735,0.15789473684210525,0.251935266,0.272727273,3006.414912,1.0,0.0,0.0,1.0,0.0,0.0,0.0,1.0,0,2.431211499,1,0.5789473684210527
Patient189,0.19,1.3157894736842106,0.8421052631578947,0.3684210526315789,0.197113039,0.304347826,8578.481307,0.0,1.0,0.0,1.0,0.0,0.0,0.0,1.0,1,23.58932238,0,1.3157894736842106
Patient191,0.67,111.42105263157895,92.13157894736842,16.263157894736842,0.110598811,0.150036417,8575.082006,1.0,0.0,0.0,1.0,0.0,0.0,1.0,0.0,1,21.61806982,0,111.42105263157895
Patient193,0.77,15.026315789473685,12.052631578947368,1.894736842105263,0.178066367,0.135849057,8703.434513,0.0,1.0,1.0,0.0,0.0,0.0,1.0,0.0,1,21.65092402,0,15.026315789473685
Patient195,0.4,51.6578947368421,47.94736842105263,2.1052631578947367,0.222592175,0.042060988,6769.218695,1.0,0.0,0.0,1.0,0.0,0.0,1.0,0.0,1,29.40451745,0,51.6578947368421
Patient196,0.88,45.63157894736842,39.63157894736842,4.394736842105263,0.241796322,0.099820681,596.7112347,1.0,0.0,0.0,0.0,1.0,0.0,1.0,0.0,0,2.661190965,1,45.63157894736842
Patient197,0.81,1.5526315789473684,1.1842105263157894,0.18421052631578946,0.447039513,0.134615385,390.8437234,0.0,1.0,0.0,1.0,0.0,0.0,1.0,0.0,0,31.54004107,0,1.5526315789473684
Patient20,0.45,10.368421052631579,8.289473684210526,1.7105263157894737,0.13463337,0.171052632,8138.191428,0.0,1.0,1.0,0.0,0.0,0.0,1.0,0.0,0,7.950718686,1,10.368421052631579
Patient200,0.67,19.342105263157894,8.105263157894736,10.657894736842104,0.155330759,0.56802244,7660.744687,1.0,0.0,1.0,0.0,0.0,0.0,1.0,0.0,0,16.82135524,1,19.342105263157894
Patient201,0.88,1.5263157894736843,1.131578947368421,0.3684210526315789,0.02425638,0.245614035,110.8113389,1.0,0.0,0.0,1.0,0.0,0.0,0.0,1.0,0,5.486652977,1,1.5263157894736843
Patient203,0.46,1.894736842105263,1.3157894736842106,0.5526315789473685,0.134906799,0.295774648,7937.258398,1.0,0.0,0.0,1.0,0.0,0.0,0.0,1.0,0,20.56673511,1,1.894736842105263
Patient204,0.59,46.63157894736842,37.63157894736842,7.7894736842105265,0.187823806,0.171494786,7183.210782,1.0,0.0,1.0,0.0,0.0,0.0,1.0,0.0,1,26.90759754,0,46.63157894736842
Patient205,0.8,15.052631578947368,12.263157894736842,1.5789473684210527,0.132058145,0.114068441,8045.841441,0.0,1.0,1.0,0.0,0.0,0.0,1.0,0.0,0,12.8788501,1,15.052631578947368
Patient206,0.28,142.78947368421052,105.1842105263158,32.71052631578947,0.308646455,0.23721374,6666.757657,1.0,0.0,0.0,1.0,0.0,0.0,1.0,0.0,0,2.95687885,1,142.78947368421052
Patient21,0.93,2.763157894736842,1.368421052631579,1.2105263157894737,0.236006699,0.469387755,4081.23051,0.0,1.0,1.0,0.0,0.0,0.0,0.0,1.0,1,29.76591376,0,2.763157894736842
Patient22,0.88,1.5263157894736843,1.105263157894737,0.42105263157894735,0.102086979,0.275862069,2556.64565,1.0,0.0,0.0,1.0,0.0,0.0,0.0,1.0,0,8.31211499,1,1.5263157894736843
Patient23,0.94,3.473684210526316,2.9210526315789473,0.47368421052631576,0.184649305,0.139534884,4350.734403,1.0,0.0,1.0,0.0,0.0,0.0,1.0,0.0,0,32.03285421,0,3.473684210526316
Patient24,0.63,7.2631578947368425,6.078947368421052,0.9736842105263158,0.136561942,0.138059701,3948.976151,1.0,0.0,0.0,1.0,0.0,0.0,1.0,0.0,0,4.501026694,1,7.2631578947368425
Patient25,0.85,8.631578947368421,7.184210526315789,1.2105263157894737,0.010357407,0.144200627,7729.29051,1.0,0.0,1.0,0.0,0.0,0.0,1.0,0.0,1,36.00821355,0,8.631578947368421
Patient27,0.75,5.7105263157894735,4.105263157894737,1.4210526315789473,0.194713842,0.257142857,6979.678481,1.0,0.0,1.0,0.0,0.0,0.0,1.0,0.0,0,14.16016427,1,5.7105263157894735
Patient30,0.46,4.157894736842105,3.4210526315789473,0.4473684210526316,0.303313324,0.115646259,7737.950076,0.0,1.0,1.0,0.0,0.0,0.0,1.0,0.0,0,6.997946612,1,4.157894736842105
Patient31,0.88,4.394736842105263,3.8157894736842106,0.5526315789473685,0.233946178,0.126506024,6557.481065,1.0,0.0,1.0,0.0,0.0,0.0,1.0,0.0,0,13.99589322,1,4.394736842105263
Patient32,0.84,7.105263157894737,5.7105263157894735,1.0,0.376051775,0.149019608,4013.901009,0.0,1.0,1.0,0.0,0.0,0.0,1.0,0.0,0,1.741273101,1,7.105263157894737
Patient33,0.17,0.2631578947368421,0.18421052631578946,0.05263157894736842,0.023681914,0.222222222,8800.58864,0.0,1.0,1.0,0.0,0.0,0.0,1.0,0.0,1,55.16221766,0,0.2631578947368421
Patient34,0.12,0.47368421052631576,0.3157894736842105,0.15789473684210525,0.006697878,0.333333333,5068.451694,1.0,0.0,1.0,0.0,0.0,0.0,1.0,0.0,1,55.55646817,0,0.47368421052631576
Patient35,0.77,1.0526315789473684,0.7105263157894737,0.3157894736842105,0.162618152,0.307692308,7140.51485,1.0,0.0,1.0,0.0,0.0,0.0,1.0,0.0,1,31.80287474,1,1.0526315789473684
Patient36,0.84,4.7368421052631575,4.131578947368421,0.5263157894736842,0.18582013,0.11299435,4777.913103,1.0,0.0,0.0,1.0,0.0,0.0,1.0,0.0,0,14.81724846,1,4.7368421052631575
Patient37,0.3,1.0526315789473684,0.7105263157894737,0.3157894736842105,0.074993396,0.307692308,8442.504605,1.0,0.0,1.0,0.0,0.0,0.0,0.0,1.0,0,9.034907598,1,1.0526315789473684
Patient38,0.78,1.0263157894736843,0.6052631578947368,0.42105263157894735,0.190553631,0.41025641,3926.483556,1.0,0.0,1.0,0.0,0.0,0.0,1.0,0.0,0,11.26899384,1,1.0263157894736843
Patient4,0.88,10.105263157894736,8.263157894736842,1.394736842105263,0.121665383,0.144414169,5651.182568,1.0,0.0,1.0,0.0,0.0,0.0,1.0,0.0,1,19.71252567,1,10.105263157894736
Patient40,0.91,160.60526315789474,18.18421052631579,137.57894736842104,0.353402367,0.883257307,2926.14688,0.0,1.0,1.0,0.0,0.0,0.0,1.0,0.0,0,15.37577002,1,160.60526315789474
Patient42,0.81,13.342105263157896,11.842105263157896,1.263157894736842,0.123826962,0.096385542,7601.338171,1.0,0.0,1.0,0.0,0.0,0.0,1.0,0.0,1,33.7412731,0,13.342105263157896
Patient44,0.32,1.6842105263157894,1.1578947368421053,0.5,0.457883791,0.301587302,9062.136666,1.0,0.0,1.0,0.0,0.0,0.0,0.0,1.0,1,30.29158111,0,1.6842105263157894
Patient45,0.61,7.7105263157894735,5.7631578947368425,1.868421052631579,0.216010791,0.244827586,8822.715911,1.0,0.0,1.0,0.0,0.0,0.0,1.0,0.0,1,54.73511294,0,7.7105263157894735
Patient47,0.91,19.894736842105264,16.86842105263158,1.736842105263158,0.19079258,0.093352192,1491.730815,0.0,1.0,1.0,0.0,0.0,0.0,1.0,0.0,0,30.78439425,0,19.894736842105264
Patient48,0.84,0.7631578947368421,0.4473684210526316,0.2631578947368421,0.188372462,0.37037037,3813.640394,0.0,1.0,0.0,1.0,0.0,0.0,1.0,0.0,0,1.741273101,1,0.7631578947368421
Patient51,0.3,29.842105263157894,26.026315789473685,2.9473684210526314,0.15900598,0.101725704,8088.480963,1.0,0.0,1.0,0.0,0.0,0.0,1.0,0.0,1,50.82546201,0,29.842105263157894
Patient56,0.15,0.4473684210526316,0.3684210526315789,0.07894736842105263,0.062731432,0.176470588,8299.408348,1.0,0.0,1.0,0.0,0.0,0.0,1.0,0.0,0,4.008213552,1,0.4473684210526316
Patient58,0.66,2.3947368421052633,1.868421052631579,0.4473684210526316,0.257008203,0.193181818,4430.796844,1.0,0.0,0.0,1.0,0.0,0.0,1.0,0.0,0,9.954825462,1,2.3947368421052633
Patient6,0.83,24.605263157894736,0.6842105263157895,22.894736842105264,0.470864328,0.970982143,7459.526496,0.0,1.0,1.0,0.0,0.0,0.0,1.0,0.0,0,22.57084189,1,24.605263157894736
Patient61,0.42,55.71052631578947,40.921052631578945,13.052631578947368,0.231012549,0.241833252,7054.577164,0.0,1.0,1.0,0.0,0.0,0.0,1.0,0.0,1,32.42710472,0,55.71052631578947
Patient62,0.5,164.44736842105263,142.1315789473684,5.342105263157895,0.148674622,0.036224126,8469.147859,0.0,1.0,1.0,0.0,0.0,0.0,1.0,0.0,1,32.88706366,0,164.44736842105263
Patient63,0.93,2.210526315789474,1.2105263157894737,0.5263157894736842,0.472099143,0.303030303,5498.77486,0.0,1.0,0.0,1.0,0.0,0.0,0.0,1.0,0,5.848049281,1,2.210526315789474
Patient67,0.95,1.9473684210526316,1.0263157894736843,0.8157894736842105,0.124770087,0.442857143,293.4801946,0.0,1.0,1.0,0.0,0.0,0.0,0.0,1.0,0,4.468172485,1,1.9473684210526316
Patient7,0.88,2.0789473684210527,1.236842105263158,0.7368421052631579,0.168904284,0.373333333,7074.512691,1.0,0.0,1.0,0.0,0.0,0.0,1.0,0.0,1,8.837782341,1,2.0789473684210527
Patient72,0.78,3.1842105263157894,2.710526315789474,0.39473684210526316,0.171137069,0.127118644,7395.5277,1.0,0.0,1.0,0.0,0.0,0.0,1.0,0.0,0,12.97741273,0,3.1842105263157894
Patient73,0.77,2.3684210526315788,1.8157894736842106,0.4473684210526316,0.232352565,0.197674419,6415.05305,1.0,0.0,0.0,1.0,0.0,0.0,1.0,0.0,0,27.79466119,1,2.3684210526315788
Patient75,0.55,19.07894736842105,16.973684210526315,1.631578947368421,0.201142567,0.087694484,8933.481055,1.0,0.0,0.0,0.0,0.0,1.0,1.0,0.0,1,29.27310062,0,19.07894736842105
Patient77,0.74,2.4210526315789473,1.763157894736842,0.5,0.180587685,0.220930233,8295.115236,0.0,1.0,1.0,0.0,0.0,0.0,1.0,0.0,0,14.58726899,1,2.4210526315789473
Patient78,0.27,1.131578947368421,0.868421052631579,0.2631578947368421,0.390218557,0.23255814,7812.226378,0.0,1.0,1.0,0.0,0.0,0.0,1.0,0.0,0,11.69609856,1,1.131578947368421
Patient79,0.69,5.394736842105263,3.9210526315789473,1.263157894736842,0.214096097,0.243654822,8910.930917,0.0,1.0,1.0,0.0,0.0,0.0,1.0,0.0,0,27.89322382,0,5.394736842105263
Patient8,0.72,5.105263157894737,4.0,1.0526315789473684,0.273852935,0.208333333,4179.098655,1.0,0.0,1.0,0.0,0.0,0.0,1.0,0.0,1,33.01848049,1,5.105263157894737
Patient82,0.84,38.86842105263158,36.578947368421055,1.263157894736842,0.20502101,0.033379694,1417.061891,1.0,0.0,0.0,1.0,0.0,0.0,1.0,0.0,0,4.303901437,1,38.86842105263158
Patient83,0.94,5.105263157894737,3.9210526315789473,1.0263157894736843,0.135187708,0.207446809,2542.32747,1.0,0.0,0.0,1.0,0.0,0.0,1.0,0.0,0,2.332648871,1,5.105263157894737
Patient86,0.14,7.342105263157895,5.157894736842105,1.9210526315789473,0.034541373,0.271375465,8421.599181,1.0,0.0,1.0,0.0,0.0,0.0,1.0,0.0,1,43.59753593,0,7.342105263157895
Patient87,0.36,2.289473684210526,1.894736842105263,0.3684210526315789,0.251171185,0.162790698,7850.168545,0.0,1.0,1.0,0.0,0.0,0.0,1.0,0.0,1,41.49486653,0,2.289473684210526
Patient9,0.88,17.157894736842106,14.789473684210526,2.1052631578947367,0.111034165,0.124610592,5845.909891,0.0,1.0,1.0,0.0,0.0,0.0,1.0,0.0,0,31.6386037,0,17.157894736842106
Patient94,0.85,7.052631578947368,5.973684210526316,0.5526315789473685,0.902095292,0.084677419,7708.863202,0.0,1.0,0.0,0.0,1.0,0.0,1.0,0.0,0,1.314168378,1,7.052631578947368
Patient96,0.82,17.07894736842105,15.473684210526315,1.3157894736842106,0.196499246,0.078369906,5764.168336,1.0,0.0,1.0,0.0,0.0,0.0,1.0,0.0,1,29.99589322,0,17.07894736842105
Patient98,0.6,7.947368421052632,5.7631578947368425,1.9473684210526316,0.223074401,0.252559727,8878.596663,0.0,1.0,1.0,0.0,0.0,0.0,1.0,0.0,0,22.43942505,1,7.947368421052632
Patient99,0.34,23.92105263157895,18.157894736842106,5.0,0.187194201,0.215909091,8987.745853,1.0,0.0,1.0,0.0,0.0,0.0,1.0,0.0,1,30.2587269,0,23.92105263157895
