,Purity,TMB,TMB_clonal,TMB_subclonal,Smoking_Pack_Years,Neoantigens,Sex_F,Sex_M,Smoking_Status_0,Smoking_Status_1,Smoking_Status_2,Histology_Harmonized_Adeno,Histology_Harmonized_LC-NE,Histology_Harmonized_Other,Histology_Harmonized_Squamous,Initial_Stage_1.0,Initial_Stage_2.0,Initial_Stage_3.0,Initial_Stage_4.0,Initial_Stage_nan,Prior_Platinum_0,Prior_Platinum_1,response,OS,OS_Event,TMB_origin
SU2CLC-CLE-NIVO10,0.33906611188164576,0.0,0.0,0.055172413793103496,0.31007751937984496,0.0,1.0,0.0,0.0,1.0,0.0,1.0,0.0,0.0,0.0,0.0,0.0,0.0,1.0,0.0,0.0,1.0,0,2.8252299605781865,1,9.441340782122905
SU2CLC-CLE-NIVO18,-0.3714285714285714,-0.47757422615287426,-0.5725190839694657,-0.5793103448275861,-0.6201550387596899,-0.3977272727272727,1.0,0.0,1.0,0.0,0.0,1.0,0.0,0.0,0.0,0.0,1.0,0.0,0.0,0.0,0.0,1.0,0,5.289093298291721,1,4.162011173184358
SU2CLC-CLE-NIVO19,0.3142857142857142,0.6670878079595705,0.9618320610687023,-0.16551724137931026,-0.15503875968992248,0.5909090909090909,1.0,0.0,0.0,0.0,1.0,1.0,0.0,0.0,0.0,0.0,0.0,0.0,1.0,0.0,1.0,0.0,1,9.756898817345597,1,16.81564245810056
SU2CLC-CLE-NIVO3,3.514285714285714,-0.6418193303853443,-0.9122137404580153,0.41379310344827586,-0.6201550387596899,-0.7613636363636364,1.0,0.0,1.0,0.0,0.0,1.0,0.0,0.0,0.0,0.0,0.0,0.0,1.0,0.0,0.0,1.0,1,20.893561103810775,1,2.346368715083799
SU2CLC-CLE-NIVO31,0.33906611188164576,0.0,0.0,0.055172413793103496,-0.49612403100775193,0.0,0.0,1.0,0.0,1.0,0.0,0.0,0.0,0.0,1.0,1.0,0.0,0.0,0.0,0.0,1.0,0.0,0,3.219448094612352,1,9.441340782122905
SU2CLC-CLE-NIVO5,0.657142857142857,0.7201516108654453,1.049618320610687,0.7172413793103448,1.2403100775193798,0.7272727272727273,0.0,1.0,0.0,1.0,0.0,1.0,0.0,0.0,0.0,0.0,0.0,0.0,1.0,0.0,0.0,1.0,1,17.969776609724047,1,17.40223463687151
SU2CLC-CLE-NIVO9,-0.4857142857142856,-0.10612760581174982,0.0,-0.35862068965517235,0.9302325581395349,0.07954545454545454,0.0,1.0,0.0,1.0,0.0,1.0,0.0,0.0,0.0,0.0,1.0,0.0,0.0,0.0,1.0,0.0,1,13.272010512483574,1,8.268156424581006
SU2CLC-COL-1005,-1.1714285714285715,-0.735312697409981,-0.9274809160305344,-0.496551724137931,-0.6201550387596899,-0.6363636363636364,1.0,0.0,1.0,0.0,0.0,0.0,0.0,1.0,0.0,0.0,0.0,0.0,0.0,1.0,1.0,0.0,1,15.177398160315374,0,1.3128491620111733
SU2CLC-COL-1007,1.2857142857142858,0.0,0.05343511450381678,0.19310344827586212,2.4806201550387597,0.011363636363636364,0.0,1.0,0.0,1.0,0.0,0.0,0.0,0.0,1.0,1.0,0.0,0.0,0.0,0.0,0.0,1.0,0,7.030223390275952,1,9.441340782122905
SU2CLC-COL-1020,0.33906611188164576,0.0,0.0,0.055172413793103496,-0.31007751937984496,0.0,1.0,0.0,0.0,1.0,0.0,1.0,0.0,0.0,0.0,0.0,0.0,0.0,0.0,1.0,1.0,0.0,0,11.957950065703022,1,9.441340782122905
SU2CLC-COL-1025,2.8285714285714287,1.4352495262160456,1.034351145038168,8.524137931034483,0.31007751937984496,1.0568181818181819,0.0,1.0,0.0,1.0,0.0,0.0,0.0,0.0,1.0,0.0,0.0,1.0,0.0,0.0,1.0,0.0,1,5.091984231274639,0,25.307262569832403
SU2CLC-COL-1029,0.028571428571428595,0.15161086544535698,0.22900763358778634,-0.11034482758620683,-0.6201550387596899,-0.011363636363636364,1.0,0.0,1.0,0.0,0.0,1.0,0.0,0.0,0.0,0.0,0.0,0.0,1.0,0.0,1.0,0.0,1,16.754270696452036,0,11.117318435754191
SU2CLC-COL-1031,-0.657142857142857,-0.24763108022741626,-0.20610687022900764,-0.5793103448275861,0.46511627906976744,-0.3977272727272727,1.0,0.0,0.0,1.0,0.0,1.0,0.0,0.0,0.0,0.0,0.0,0.0,0.0,1.0,1.0,0.0,0,6.241787122207621,1,6.703910614525141
SU2CLC-COL-1033,-0.5428571428571428,-0.4118761844598863,-0.7977099236641222,2.096551724137931,-0.49612403100775193,-0.7272727272727273,0.0,1.0,0.0,1.0,0.0,1.0,0.0,0.0,0.0,0.0,0.0,0.0,1.0,0.0,0.0,1.0,1,11.070959264126149,0,4.888268156424582
SU2CLC-COL-1034,0.08571428571428578,1.0890713834491472,0.28244274809160314,9.737931034482758,-0.31007751937984496,1.6363636363636365,1.0,0.0,0.0,1.0,0.0,1.0,0.0,0.0,0.0,0.0,0.0,0.0,1.0,0.0,1.0,0.0,1,7.621550591327201,0,21.480446927374302
SU2CLC-COL-1035,-1.2285714285714284,-0.6670878079595705,-0.8053435114503817,-0.5793103448275861,-0.6201550387596899,-0.6704545454545454,1.0,0.0,1.0,0.0,0.0,1.0,0.0,0.0,0.0,0.0,0.0,1.0,0.0,0.0,0.0,1.0,0,12.056504599211562,0,2.0670391061452515
SU2CLC-COL-1037,0.4285714285714286,-0.2046746683512318,-0.4236641221374047,1.489655172413793,0.15503875968992248,-0.7045454545454546,1.0,0.0,0.0,1.0,0.0,1.0,0.0,0.0,0.0,0.0,0.0,1.0,0.0,0.0,0.0,1.0,1,15.703022339027594,0,7.178770949720671
SU2CLC-COL-1041,0.33906611188164576,0.0,0.0,0.055172413793103496,1.2403100775193798,0.0,0.0,1.0,0.0,1.0,0.0,1.0,0.0,0.0,0.0,0.0,0.0,0.0,1.0,0.0,1.0,0.0,1,18.889618922470433,1,9.441340782122905
SU2CLC-DFC-1002,0.14285714285714296,-0.6620341124447252,-0.8282442748091604,-0.46896551724137925,-0.6201550387596899,-0.6590909090909091,1.0,0.0,1.0,0.0,0.0,1.0,0.0,0.0,0.0,0.0,0.0,0.0,1.0,0.0,0.0,1.0,0,36.399474375821285,0,2.122905027932961
SU2CLC-DFC-1003,-0.657142857142857,-0.41945672773215414,-0.6068702290076337,0.35862068965517246,-0.6201550387596899,-0.36363636363636365,1.0,0.0,1.0,0.0,0.0,0.0,0.0,1.0,0.0,0.0,0.0,0.0,1.0,0.0,0.0,1.0,0,4.336399474375821,1,4.804469273743017
SU2CLC-DFC-1004,-0.028571428571428595,-0.46241313960833863,-0.5381679389312978,-0.33103448275862063,0.06201550387596899,-0.25,0.0,1.0,0.0,1.0,0.0,1.0,0.0,0.0,0.0,0.0,0.0,1.0,0.0,0.0,0.0,1.0,0,11.925098554533507,1,4.329608938547486
SU2CLC-DFC-1007,-0.7142857142857142,-0.591282375236892,-0.7366412213740459,-0.2758620689655172,-0.5271317829457365,-0.5795454545454546,0.0,1.0,0.0,1.0,0.0,1.0,0.0,0.0,0.0,0.0,0.0,0.0,1.0,0.0,0.0,1.0,0,0.39421813403416556,1,2.905027932960894
SU2CLC-DFC-1013,-0.14285714285714296,-0.5154769425142135,-1.0572519083969467,2.896551724137931,0.0,-0.2727272727272727,0.0,1.0,0.0,0.0,1.0,1.0,0.0,0.0,0.0,0.0,0.0,0.0,1.0,0.0,0.0,1.0,0,1.0512483574244416,1,3.7430167597765367
SU2CLC-DFC-1015,0.33906611188164576,0.0,0.0,0.055172413793103496,0.31007751937984496,0.0,0.0,1.0,0.0,0.0,1.0,1.0,0.0,0.0,0.0,1.0,0.0,0.0,0.0,0.0,0.0,1.0,0,6.340341655716163,1,9.441340782122905
SU2CLC-DFC-1016,-0.657142857142857,-0.21983575489576748,-0.23282442748091603,-0.5793103448275861,0.9302325581395349,-0.07954545454545454,1.0,0.0,0.0,1.0,0.0,0.0,0.0,0.0,1.0,0.0,0.0,0.0,1.0,0.0,1.0,0.0,1,23.423127463863338,1,7.011173184357543
SU2CLC-DFC-1018,0.028571428571428595,-0.5356917245735945,-0.6068702290076337,-0.5793103448275861,-0.6201550387596899,-0.36363636363636365,1.0,0.0,1.0,0.0,0.0,1.0,0.0,0.0,0.0,0.0,0.0,0.0,1.0,0.0,0.0,1.0,0,3.1537450722733245,1,3.5195530726256985
SU2CLC-DFC-1020,-0.4857142857142856,-0.5508528111181301,-0.8244274809160306,0.7724137931034484,-0.6201550387596899,-0.5340909090909091,1.0,0.0,1.0,0.0,0.0,1.0,0.0,0.0,0.0,0.0,0.0,1.0,0.0,0.0,1.0,0.0,1,38.17345597897503,0,3.3519553072625703
SU2CLC-DFC-1535,0.3714285714285714,0.512950094756791,0.6870229007633588,1.020689655172414,1.550387596899225,0.5454545454545454,1.0,0.0,0.0,0.0,1.0,0.0,0.0,0.0,1.0,0.0,0.0,0.0,1.0,0.0,0.0,1.0,1,3.9421813403416555,1,15.11173184357542
SU2CLC-DFC-1536,-1.057142857142857,0.22741629816803546,0.3893129770992367,-0.35862068965517235,-0.15503875968992248,0.6818181818181818,1.0,0.0,0.0,1.0,0.0,1.0,0.0,0.0,0.0,0.0,0.0,0.0,1.0,0.0,0.0,1.0,1,12.877792378449408,1,11.955307262569834
SU2CLC-DFC-1539,2.7142857142857144,0.17940619077700568,0.3625954198473283,-0.16551724137931026,2.4806201550387597,0.10227272727272728,0.0,1.0,0.0,1.0,0.0,1.0,0.0,0.0,0.0,0.0,0.0,0.0,1.0,0.0,0.0,1.0,1,12.680683311432325,1,11.424581005586592
SU2CLC-DFC-DF0033,-0.3714285714285714,-0.3790271636133923,-0.5419847328244275,0.055172413793103496,0.0,-0.2840909090909091,1.0,0.0,0.0,1.0,0.0,1.0,0.0,0.0,0.0,1.0,0.0,0.0,0.0,0.0,0.0,1.0,0,18.396846254927727,1,5.251396648044693
SU2CLC-DFC-DF0047,-1.2285714285714284,-0.7909033480732786,-1.0801526717557253,0.11034482758620699,0.31007751937984496,-0.7613636363636364,0.0,1.0,0.0,1.0,0.0,0.0,0.0,0.0,1.0,0.0,0.0,1.0,0.0,0.0,1.0,0.0,0,29.86202365308804,0,0.6983240223463688
SU2CLC-DFC-DF0109,-0.08571428571428578,-0.012634238787113028,0.15267175572519073,-0.5517241379310344,0.46511627906976744,-0.056818181818181816,0.0,1.0,0.0,1.0,0.0,1.0,0.0,0.0,0.0,0.0,0.0,1.0,0.0,0.0,1.0,0.0,0,3.9093298291721417,1,9.301675977653632
SU2CLC-DFC-DF0499,-0.657142857142857,-0.5432722678458622,-0.7061068702290078,0.0,-0.15503875968992248,-0.5227272727272727,1.0,0.0,0.0,1.0,0.0,1.0,0.0,0.0,0.0,0.0,0.0,0.0,1.0,0.0,0.0,1.0,0,9.888304862023652,1,3.4357541899441344
SU2CLC-DFC-DF0510,-0.9999999999999999,-0.4750473783954517,-0.534351145038168,-0.5793103448275861,0.6201550387596899,-0.45454545454545453,1.0,0.0,0.0,1.0,0.0,1.0,0.0,0.0,0.0,0.0,0.0,0.0,1.0,0.0,1.0,0.0,0,14.750328515111695,1,4.189944134078212
SU2CLC-DFC-DF0561,-0.19999999999999984,-0.3689197725837018,-0.3816793893129772,-0.5793103448275861,-0.15503875968992248,-0.4772727272727273,1.0,0.0,0.0,1.0,0.0,1.0,0.0,0.0,0.0,0.0,0.0,0.0,1.0,0.0,0.0,1.0,0,3.350854139290407,1,5.363128491620112
SU2CLC-DFC-DF0668,0.4285714285714286,4.801010739102969,6.790076335877862,1.6551724137931034,0.6201550387596899,1.5795454545454546,0.0,1.0,0.0,1.0,0.0,1.0,0.0,0.0,0.0,0.0,0.0,0.0,1.0,0.0,0.0,1.0,0,4.073587385019711,1,62.51396648044693
SU2CLC-DFC-DF0790,0.14285714285714296,6.597599494630449,9.423664122137405,0.11034482758620699,-0.49612403100775193,2.875,1.0,0.0,0.0,1.0,0.0,1.0,0.0,0.0,0.0,0.0,0.0,0.0,1.0,0.0,0.0,1.0,1,10.873850197109066,0,82.37430167597766
SU2CLC-DFC-DF0840,-0.6,0.4750473783954517,0.5534351145038169,0.8000000000000002,0.31007751937984496,0.3068181818181818,1.0,0.0,0.0,1.0,0.0,1.0,0.0,0.0,0.0,0.0,0.0,1.0,0.0,0.0,1.0,0.0,0,8.902759526938238,0,14.692737430167599
SU2CLC-MDA-1563,2.371428571428571,-0.48768161718256475,-0.6106870229007634,-0.11034482758620683,-0.6201550387596899,-0.36363636363636365,1.0,0.0,1.0,0.0,0.0,0.0,0.0,0.0,1.0,0.0,0.0,1.0,0.0,0.0,0.0,1.0,0,6.964520367936925,1,4.050279329608939
SU2CLC-MDA-1631,2.942857142857142,1.0536955148452307,1.5763358778625955,0.41379310344827586,0.40310077519379844,0.8863636363636364,0.0,1.0,0.0,1.0,0.0,1.0,0.0,0.0,0.0,0.0,0.0,0.0,1.0,0.0,0.0,1.0,1,19.44809461235217,1,21.089385474860336
SU2CLC-MGH-1054,0.9428571428571426,3.315224257738471,4.946564885496184,-0.22068965517241376,0.15503875968992248,2.6931818181818183,1.0,0.0,0.0,0.0,1.0,1.0,0.0,0.0,0.0,0.0,0.0,0.0,1.0,0.0,0.0,1.0,1,34.13272010512483,0,46.089385474860336
SU2CLC-MGH-1135,-0.08571428571428578,-0.6670878079595705,-0.851145038167939,-0.35862068965517235,-0.6201550387596899,-0.6363636363636364,1.0,0.0,1.0,0.0,0.0,1.0,0.0,0.0,0.0,0.0,0.0,0.0,1.0,0.0,0.0,1.0,0,13.009198423127463,1,2.0670391061452515
SU2CLC-MGH-1148,1.2857142857142858,0.6595072646873027,0.8244274809160306,1.8758620689655174,0.0,1.2272727272727273,0.0,1.0,0.0,0.0,1.0,0.0,0.0,0.0,1.0,0.0,0.0,1.0,0.0,0.0,0.0,1.0,0,4.533508541392904,1,16.731843575418996
SU2CLC-MGH-1149,-1.057142857142857,0.01010739102969055,0.17557251908396931,-0.5793103448275861,-0.5581395348837209,0.25,0.0,1.0,0.0,1.0,0.0,1.0,0.0,0.0,0.0,1.0,0.0,0.0,0.0,0.0,0.0,1.0,0,3.1208935611038107,1,9.553072625698325
SU2CLC-MGH-1161,-0.6,-0.37144662034112447,-0.549618320610687,0.6344827586206896,0.18604651162790697,-0.4431818181818182,0.0,1.0,0.0,1.0,0.0,1.0,0.0,0.0,0.0,0.0,0.0,1.0,0.0,0.0,1.0,0.0,1,11.85939553219448,0,5.335195530726257
SU2CLC-MGH-1169,0.028571428571428595,1.720783322804801,2.6297709923664123,-0.24827586206896546,2.1705426356589146,0.6590909090909091,0.0,1.0,0.0,1.0,0.0,1.0,0.0,0.0,0.0,0.0,0.0,1.0,0.0,0.0,0.0,1.0,1,24.901445466491456,0,28.46368715083799
SU2CLC-MGH-1387,-0.7142857142857142,-0.19456727732154133,-0.16793893129770995,-0.11034482758620683,0.7751937984496124,-0.011363636363636364,0.0,1.0,0.0,1.0,0.0,1.0,0.0,0.0,0.0,0.0,0.0,1.0,0.0,0.0,0.0,1.0,1,41.36005256241787,0,7.29050279329609
SU2CLC-MGH-1389,-0.657142857142857,0.4497789008212257,0.6374045801526719,-0.3034482758620689,2.1705426356589146,0.5909090909090909,1.0,0.0,0.0,0.0,1.0,0.0,0.0,0.0,1.0,0.0,0.0,0.0,1.0,0.0,0.0,1.0,0,20.69645203679369,0,14.413407821229052
SU2CLC-MGH-1412,-0.3142857142857142,2.385344283006949,3.6450381679389317,-0.33103448275862063,-0.46511627906976744,1.7159090909090908,1.0,0.0,0.0,1.0,0.0,1.0,0.0,0.0,0.0,0.0,0.0,0.0,1.0,0.0,1.0,0.0,1,9.789750328515112,1,35.81005586592179
SU2CLC-MGH-1415,-0.7714285714285714,0.8439671509791534,0.23282442748091592,6.841379310344828,-0.031007751937984496,0.6022727272727273,1.0,0.0,0.0,1.0,0.0,1.0,0.0,0.0,0.0,0.0,0.0,0.0,1.0,0.0,1.0,0.0,1,9.395532194480946,0,18.77094972067039
SU2CLC-MGH-1416,-0.7142857142857142,0.33101705622236266,0.40839694656488545,1.213793103448276,2.1705426356589146,0.056818181818181816,0.0,1.0,0.0,1.0,0.0,1.0,0.0,0.0,0.0,1.0,0.0,0.0,0.0,0.0,1.0,0.0,1,19.2838370565046,0,13.100558659217878
SU2CLC-MGH-1417,0.14285714285714296,0.13897662665824395,0.007633587786259488,1.296551724137931,0.31007751937984496,0.4772727272727273,1.0,0.0,0.0,1.0,0.0,1.0,0.0,0.0,0.0,1.0,0.0,0.0,0.0,0.0,1.0,0.0,1,20.269382391590014,0,10.977653631284918
SU2CLC-MGH-1418,2.085714285714286,-0.2046746683512318,-0.19465648854961834,0.0,-0.6201550387596899,-0.2727272727272727,1.0,0.0,1.0,0.0,0.0,0.0,1.0,0.0,0.0,0.0,1.0,0.0,0.0,0.0,0.0,1.0,1,32.75295663600525,0,7.178770949720671
SU2CLC-MGH-1488,-0.7714285714285714,1.4251421351863554,2.0610687022900764,-0.5793103448275861,0.15503875968992248,2.397727272727273,1.0,0.0,0.0,1.0,0.0,1.0,0.0,0.0,0.0,0.0,0.0,0.0,1.0,0.0,0.0,1.0,1,30.354796320630747,0,25.195530726256987
SU2CLC-MGH-1490,-0.6,0.2223626026531902,0.019083969465648783,2.510344827586207,0.0,0.06818181818181818,1.0,0.0,0.0,0.0,1.0,1.0,0.0,0.0,0.0,0.0,0.0,0.0,1.0,0.0,1.0,0.0,1,8.869908015768726,1,11.899441340782124
SU2CLC-MGH-1492,-1.1714285714285715,-0.037902716361339246,0.08015267175572517,-0.5793103448275861,1.8604651162790697,0.2840909090909091,1.0,0.0,0.0,1.0,0.0,0.0,0.0,0.0,1.0,1.0,0.0,0.0,0.0,0.0,1.0,0.0,0,4.139290407358739,0,9.022346368715084
SU2CLC-MGH-1498,-0.657142857142857,-0.1516108654453569,-0.06106870229007639,-0.5793103448275861,0.6201550387596899,0.045454545454545456,0.0,1.0,0.0,1.0,0.0,0.0,0.0,0.0,1.0,0.0,0.0,0.0,1.0,0.0,1.0,0.0,1,19.64520367936925,0,7.765363128491621
SU2CLC-MGH-1501,1.342857142857143,-0.23499684144030322,-0.3473282442748092,0.6896551724137931,-0.06201550387596899,0.13636363636363635,0.0,1.0,0.0,1.0,0.0,1.0,0.0,0.0,0.0,0.0,0.0,1.0,0.0,0.0,1.0,0.0,0,19.842312746386334,0,6.843575418994414
SU2CLC-MGH-1503,0.8285714285714286,0.6266582438408085,1.0267175572519085,-0.33103448275862063,-0.27906976744186046,0.375,1.0,0.0,0.0,0.0,1.0,0.0,0.0,0.0,1.0,0.0,0.0,0.0,1.0,0.0,1.0,0.0,1,15.932982917214192,0,16.368715083798882
SU2CLC-MGH-1565,2.7714285714285714,0.7378395451674036,0.3282442748091603,6.206896551724138,2.1705426356589146,1.4886363636363635,0.0,1.0,0.0,1.0,0.0,0.0,0.0,0.0,1.0,0.0,0.0,0.0,0.0,1.0,1.0,0.0,1,6.5374507227332455,0,17.59776536312849
SU2CLC-MGH-1568,-0.6,-0.3032217308907138,-0.3282442748091604,-0.3034482758620689,1.2403100775193798,-0.2727272727272727,1.0,0.0,0.0,1.0,0.0,1.0,0.0,0.0,0.0,0.0,0.0,0.0,1.0,0.0,1.0,0.0,0,6.176084099868594,0,6.089385474860336
SU2CLC-MGH-1572,0.028571428571428595,0.06064434617814282,0.14122137404580157,0.33103448275862074,0.0,0.32954545454545453,0.0,1.0,0.0,0.0,1.0,1.0,0.0,0.0,0.0,0.0,0.0,0.0,1.0,0.0,0.0,1.0,0,5.256241787122208,0,10.11173184357542
SU2CLC-MGH-1575,0.8285714285714286,0.015161086544535666,0.09923664122137395,0.11034482758620699,0.31007751937984496,0.022727272727272728,1.0,0.0,0.0,0.0,1.0,1.0,0.0,0.0,0.0,0.0,0.0,0.0,1.0,0.0,0.0,1.0,0,3.252299605781866,1,9.608938547486034
SU2CLC-MSK-1364,0.48571428571428577,1.1396083385975997,1.8206106870229006,-0.496551724137931,-0.37209302325581395,2.340909090909091,1.0,0.0,0.0,1.0,0.0,1.0,0.0,0.0,0.0,0.0,0.0,0.0,1.0,0.0,0.0,1.0,1,14.257555847568987,0,22.0391061452514
SU2CLC-MSK-1365,-0.4285714285714286,-0.6847757422615287,-0.8969465648854963,-0.22068965517241376,-0.6201550387596899,-0.5681818181818182,0.0,1.0,1.0,0.0,0.0,1.0,0.0,0.0,0.0,0.0,0.0,0.0,1.0,0.0,0.0,1.0,1,14.323258869908015,0,1.8715083798882683
SU2CLC-MSK-A2013,-0.4857142857142856,-0.4674668351231838,-0.5725190839694657,-0.5793103448275861,-0.031007751937984496,-0.4772727272727273,1.0,0.0,0.0,1.0,0.0,1.0,0.0,0.0,0.0,0.0,0.0,0.0,1.0,0.0,1.0,0.0,1,9.888304862023652,1,4.273743016759777
SU2CLC-MSK-A2014,0.028571428571428595,-0.6746683512318383,-0.83587786259542,-0.41379310344827575,-0.6201550387596899,-0.5909090909090909,1.0,0.0,1.0,0.0,0.0,1.0,0.0,0.0,0.0,1.0,0.0,0.0,0.0,0.0,1.0,0.0,1,12.81208935611038,1,1.9832402234636872
SU2CLC-MSK-A2060,-0.4285714285714286,1.185091598231207,1.732824427480916,0.46896551724137936,0.6511627906976745,1.1590909090909092,0.0,1.0,0.0,0.0,1.0,1.0,0.0,0.0,0.0,0.0,0.0,0.0,1.0,0.0,1.0,0.0,1,19.54664914586071,0,22.541899441340785
SU2CLC-UCD-1124,0.19999999999999984,-0.45735944409349333,-0.549618320610687,-0.16551724137931026,0.0,-0.5681818181818182,0.0,1.0,0.0,1.0,0.0,1.0,0.0,0.0,0.0,0.0,0.0,1.0,0.0,0.0,0.0,1.0,1,34.92115637319316,0,4.385474860335196
SU2CLC-UCD-1142,0.7714285714285714,0.7681617182564753,0.9770992366412213,0.6620689655172414,0.31007751937984496,0.6704545454545454,1.0,0.0,0.0,0.0,1.0,1.0,0.0,0.0,0.0,0.0,0.0,0.0,1.0,0.0,0.0,1.0,1,25.7227332457293,0,17.93296089385475
SU2CLC-UCD-1560,0.33906611188164576,0.0,0.0,0.055172413793103496,-0.6201550387596899,0.0,1.0,0.0,1.0,0.0,0.0,1.0,0.0,0.0,0.0,0.0,0.0,1.0,0.0,0.0,0.0,1.0,0,3.416557161629435,0,9.441340782122905
