Unnamed: 0,Purity,TMB,TMB_clonal,TMB_subclonal,Smoking_Pack_Years,Neoantigens,Sex_F,Sex_M,Smoking_Status_0,Smoking_Status_1,Smoking_Status_2,Histology_Harmonized_Adeno,Histology_Harmonized_LC-NE,Histology_Harmonized_Other,Histology_Harmonized_Squamous,Initial_Stage_1.0,Initial_Stage_2.0,Initial_Stage_3.0,Initial_Stage_4.0,Initial_Stage_nan,Prior_Platinum_0,Prior_Platinum_1,response,OS,OS_Event,TMB_origin
SU2CLC-CLE-NIVO10,0.374336569579288,9.441340782122904,7.905027932960895,0.6424581005586593,30.0,73.0,1.0,0.0,0.0,1.0,0.0,1.0,0.0,0.0,0.0,0.0,0.0,0.0,1.0,0.0,0.0,1.0,0,2.8252299605781865,1,9.441340782122904
SU2CLC-CLE-NIVO18,0.25,4.162011173184358,3.7150837988826817,0.0,0.0,38.0,1.0,0.0,1.0,0.0,0.0,1.0,0.0,0.0,0.0,0.0,1.0,0.0,0.0,0.0,0.0,1.0,0,5.289093298291721,1,4.162011173184358
SU2CLC-CLE-NIVO19,0.37,16.81564245810056,14.944134078212292,0.4189944134078213,15.0,125.0,1.0,0.0,0.0,0.0,1.0,1.0,0.0,0.0,0.0,0.0,0.0,0.0,1.0,0.0,1.0,0.0,1,9.756898817345595,1,16.81564245810056
SU2CLC-CLE-NIVO3,0.93,2.346368715083799,1.229050279329609,1.005586592178771,0.0,6.0,1.0,0.0,1.0,0.0,0.0,1.0,0.0,0.0,0.0,0.0,0.0,0.0,1.0,0.0,0.0,1.0,1,20.89356110381077,1,2.346368715083799
SU2CLC-CLE-NIVO31,0.374336569579288,9.441340782122904,7.905027932960895,0.6424581005586593,4.0,73.0,0.0,1.0,0.0,1.0,0.0,0.0,0.0,0.0,1.0,1.0,0.0,0.0,0.0,0.0,1.0,0.0,0,3.219448094612352,1,9.441340782122904
SU2CLC-CLE-NIVO5,0.43,17.40223463687151,15.586592178770951,1.3128491620111733,60.0,137.0,0.0,1.0,0.0,1.0,0.0,1.0,0.0,0.0,0.0,0.0,0.0,0.0,1.0,0.0,0.0,1.0,1,17.969776609724047,1,17.40223463687151
SU2CLC-CLE-NIVO9,0.23,8.268156424581006,7.905027932960895,0.223463687150838,50.0,80.0,0.0,1.0,0.0,1.0,0.0,1.0,0.0,0.0,0.0,0.0,1.0,0.0,0.0,0.0,1.0,0.0,1,13.272010512483574,1,8.268156424581006
SU2CLC-COL-1005,0.11,1.3128491620111733,1.11731843575419,0.0837988826815642,0.0,17.0,1.0,0.0,1.0,0.0,0.0,0.0,0.0,1.0,0.0,0.0,0.0,0.0,0.0,1.0,1.0,0.0,1,15.177398160315374,0,1.3128491620111733
SU2CLC-COL-1007,0.54,9.441340782122904,8.296089385474861,0.782122905027933,100.0,74.0,0.0,1.0,0.0,1.0,0.0,0.0,0.0,0.0,1.0,1.0,0.0,0.0,0.0,0.0,0.0,1.0,0,7.030223390275952,1,9.441340782122904
SU2CLC-COL-1020,0.374336569579288,9.441340782122904,7.905027932960895,0.6424581005586593,10.0,73.0,1.0,0.0,0.0,1.0,0.0,1.0,0.0,0.0,0.0,0.0,0.0,0.0,0.0,1.0,1.0,0.0,0,11.957950065703022,1,9.441340782122904
SU2CLC-COL-1025,0.81,25.307262569832403,15.474860335195531,9.217877094972067,30.0,166.0,0.0,1.0,0.0,1.0,0.0,0.0,0.0,0.0,1.0,0.0,0.0,1.0,0.0,0.0,1.0,0.0,1,5.091984231274639,0,25.307262569832403
SU2CLC-COL-1029,0.32,11.117318435754193,9.58100558659218,0.4748603351955308,0.0,72.0,1.0,0.0,1.0,0.0,0.0,1.0,0.0,0.0,0.0,0.0,0.0,0.0,1.0,0.0,1.0,0.0,1,16.754270696452036,0,11.117318435754193
SU2CLC-COL-1031,0.2,6.703910614525141,6.396648044692738,0.0,35.0,38.0,1.0,0.0,0.0,1.0,0.0,1.0,0.0,0.0,0.0,0.0,0.0,0.0,0.0,1.0,1.0,0.0,0,6.241787122207621,1,6.703910614525141
SU2CLC-COL-1033,0.22,4.888268156424582,2.0670391061452515,2.7094972067039107,4.0,9.0,0.0,1.0,0.0,1.0,0.0,1.0,0.0,0.0,0.0,0.0,0.0,0.0,1.0,0.0,0.0,1.0,1,11.070959264126149,0,4.888268156424582
SU2CLC-COL-1034,0.33,21.480446927374302,9.972067039106149,10.446927374301676,10.0,217.0,1.0,0.0,0.0,1.0,0.0,1.0,0.0,0.0,0.0,0.0,0.0,0.0,1.0,0.0,1.0,0.0,1,7.621550591327201,0,21.480446927374302
SU2CLC-COL-1035,0.1,2.0670391061452515,2.011173184357542,0.0,0.0,14.0,1.0,0.0,1.0,0.0,0.0,1.0,0.0,0.0,0.0,0.0,0.0,1.0,0.0,0.0,0.0,1.0,0,12.056504599211562,0,2.0670391061452515
SU2CLC-COL-1037,0.39,7.178770949720671,4.804469273743017,2.094972067039106,25.0,11.0,1.0,0.0,0.0,1.0,0.0,1.0,0.0,0.0,0.0,0.0,0.0,1.0,0.0,0.0,0.0,1.0,1,15.703022339027594,0,7.178770949720671
SU2CLC-COL-1041,0.374336569579288,9.441340782122904,7.905027932960895,0.6424581005586593,60.0,73.0,0.0,1.0,0.0,1.0,0.0,1.0,0.0,0.0,0.0,0.0,0.0,0.0,1.0,0.0,1.0,0.0,1,18.889618922470437,1,9.441340782122904
SU2CLC-DFC-1002,0.34,2.122905027932961,1.8435754189944136,0.111731843575419,0.0,15.0,1.0,0.0,1.0,0.0,0.0,1.0,0.0,0.0,0.0,0.0,0.0,0.0,1.0,0.0,0.0,1.0,0,36.399474375821285,0,2.122905027932961
SU2CLC-DFC-1003,0.2,4.804469273743017,3.463687150837989,0.9497206703910616,0.0,41.0,1.0,0.0,1.0,0.0,0.0,0.0,0.0,1.0,0.0,0.0,0.0,0.0,1.0,0.0,0.0,1.0,0,4.336399474375821,1,4.804469273743017
SU2CLC-DFC-1004,0.31,4.329608938547486,3.9664804469273744,0.2513966480446927,22.0,51.0,0.0,1.0,0.0,1.0,0.0,1.0,0.0,0.0,0.0,0.0,0.0,1.0,0.0,0.0,0.0,1.0,0,11.925098554533507,1,4.329608938547486
SU2CLC-DFC-1007,0.19,2.905027932960894,2.5139664804469275,0.3072625698324022,3.0,22.0,0.0,1.0,0.0,1.0,0.0,1.0,0.0,0.0,0.0,0.0,0.0,0.0,1.0,0.0,0.0,1.0,0,0.3942181340341655,1,2.905027932960894
SU2CLC-DFC-1013,0.29,3.7430167597765367,0.1675977653631285,3.5195530726256985,20.0,49.0,0.0,1.0,0.0,0.0,1.0,1.0,0.0,0.0,0.0,0.0,0.0,0.0,1.0,0.0,0.0,1.0,0,1.0512483574244416,1,3.7430167597765367
SU2CLC-DFC-1015,0.374336569579288,9.441340782122904,7.905027932960895,0.6424581005586593,,73.0,0.0,1.0,0.0,0.0,1.0,1.0,0.0,0.0,0.0,1.0,0.0,0.0,0.0,0.0,0.0,1.0,0,6.340341655716163,1,9.441340782122904
SU2CLC-DFC-1016,0.2,7.011173184357543,6.201117318435755,0.0,50.0,66.0,1.0,0.0,0.0,1.0,0.0,0.0,0.0,0.0,1.0,0.0,0.0,0.0,1.0,0.0,1.0,0.0,1,23.423127463863334,1,7.011173184357543
SU2CLC-DFC-1018,0.32,3.5195530726256985,3.463687150837989,0.0,0.0,41.0,1.0,0.0,1.0,0.0,0.0,1.0,0.0,0.0,0.0,0.0,0.0,0.0,1.0,0.0,0.0,1.0,0,3.1537450722733245,1,3.5195530726256985
SU2CLC-DFC-1020,0.23,3.3519553072625703,1.8715083798882683,1.3687150837988828,0.0,26.0,1.0,0.0,1.0,0.0,0.0,1.0,0.0,0.0,0.0,0.0,0.0,1.0,0.0,0.0,1.0,0.0,1,38.17345597897503,0,3.3519553072625703
SU2CLC-DFC-1535,0.38,15.11173184357542,12.93296089385475,1.6201117318435756,70.0,121.0,1.0,0.0,0.0,0.0,1.0,0.0,0.0,0.0,1.0,0.0,0.0,0.0,1.0,0.0,0.0,1.0,1,3.942181340341656,1,15.11173184357542
SU2CLC-DFC-1536,0.13,11.955307262569834,10.75418994413408,0.223463687150838,15.0,133.0,1.0,0.0,0.0,1.0,0.0,1.0,0.0,0.0,0.0,0.0,0.0,0.0,1.0,0.0,0.0,1.0,1,12.877792378449408,1,11.955307262569834
SU2CLC-DFC-1539,0.79,11.424581005586592,10.558659217877096,0.4189944134078213,100.0,82.0,0.0,1.0,0.0,1.0,0.0,1.0,0.0,0.0,0.0,0.0,0.0,0.0,1.0,0.0,0.0,1.0,1,12.680683311432324,1,11.424581005586592
SU2CLC-DFC-DF0033,0.25,5.251396648044693,3.93854748603352,0.6424581005586593,20.0,48.0,1.0,0.0,0.0,1.0,0.0,1.0,0.0,0.0,0.0,1.0,0.0,0.0,0.0,0.0,0.0,1.0,0,18.396846254927727,1,5.251396648044693
SU2CLC-DFC-DF0047,0.1,0.6983240223463688,0.0,0.6983240223463688,30.0,6.0,0.0,1.0,0.0,1.0,0.0,0.0,0.0,0.0,1.0,0.0,0.0,1.0,0.0,0.0,1.0,0.0,0,29.86202365308804,0,0.6983240223463688
SU2CLC-DFC-DF0109,0.3,9.301675977653632,9.022346368715084,0.0279329608938547,35.0,68.0,0.0,1.0,0.0,1.0,0.0,1.0,0.0,0.0,0.0,0.0,0.0,1.0,0.0,0.0,1.0,0.0,0,3.9093298291721417,1,9.301675977653632
SU2CLC-DFC-DF0499,0.2,3.4357541899441344,2.7374301675977657,0.5865921787709497,15.0,27.0,1.0,0.0,0.0,1.0,0.0,1.0,0.0,0.0,0.0,0.0,0.0,0.0,1.0,0.0,0.0,1.0,0,9.888304862023652,1,3.4357541899441344
SU2CLC-DFC-DF0510,0.14,4.189944134078212,3.994413407821229,0.0,40.0,33.0,1.0,0.0,0.0,1.0,0.0,1.0,0.0,0.0,0.0,0.0,0.0,0.0,1.0,0.0,1.0,0.0,0,14.750328515111695,1,4.189944134078212
SU2CLC-DFC-DF0561,0.28,5.363128491620112,5.111731843575419,0.0,15.0,31.0,1.0,0.0,0.0,1.0,0.0,1.0,0.0,0.0,0.0,0.0,0.0,0.0,1.0,0.0,0.0,1.0,0,3.350854139290407,1,5.363128491620112
SU2CLC-DFC-DF0668,0.39,62.51396648044693,57.597765363128495,2.2625698324022347,40.0,212.0,0.0,1.0,0.0,1.0,0.0,1.0,0.0,0.0,0.0,0.0,0.0,0.0,1.0,0.0,0.0,1.0,0,4.073587385019711,1,62.51396648044693
SU2CLC-DFC-DF0790,0.34,82.37430167597766,76.87150837988827,0.6983240223463688,4.0,326.0,1.0,0.0,0.0,1.0,0.0,1.0,0.0,0.0,0.0,0.0,0.0,0.0,1.0,0.0,0.0,1.0,1,10.873850197109066,0,82.37430167597766
SU2CLC-DFC-DF0840,0.21,14.6927374301676,11.955307262569834,1.3966480446927376,,100.0,1.0,0.0,0.0,1.0,0.0,1.0,0.0,0.0,0.0,0.0,0.0,1.0,0.0,0.0,1.0,0.0,0,8.902759526938238,0,14.6927374301676
SU2CLC-MDA-1563,0.73,4.050279329608939,3.4357541899441344,0.4748603351955308,0.0,41.0,1.0,0.0,1.0,0.0,0.0,0.0,0.0,0.0,1.0,0.0,0.0,1.0,0.0,0.0,0.0,1.0,0,6.964520367936925,1,4.050279329608939
SU2CLC-MDA-1631,0.83,21.089385474860336,19.441340782122907,1.005586592178771,33.0,151.0,0.0,1.0,0.0,1.0,0.0,1.0,0.0,0.0,0.0,0.0,0.0,0.0,1.0,0.0,0.0,1.0,1,19.44809461235217,1,21.089385474860336
SU2CLC-MGH-1054,0.48,46.089385474860336,44.106145251396654,0.3631284916201117,25.0,310.0,1.0,0.0,0.0,0.0,1.0,1.0,0.0,0.0,0.0,0.0,0.0,0.0,1.0,0.0,0.0,1.0,1,34.13272010512483,0,46.089385474860336
SU2CLC-MGH-1135,0.3,2.0670391061452515,1.6759776536312851,0.223463687150838,0.0,17.0,1.0,0.0,1.0,0.0,0.0,1.0,0.0,0.0,0.0,0.0,0.0,0.0,1.0,0.0,0.0,1.0,0,13.009198423127463,1,2.0670391061452515
SU2CLC-MGH-1148,0.54,16.731843575418996,13.93854748603352,2.486033519553073,20.0,181.0,0.0,1.0,0.0,0.0,1.0,0.0,0.0,0.0,1.0,0.0,0.0,1.0,0.0,0.0,0.0,1.0,0,4.533508541392904,1,16.731843575418996
SU2CLC-MGH-1149,0.13,9.553072625698324,9.189944134078212,0.0,2.0,95.0,0.0,1.0,0.0,1.0,0.0,1.0,0.0,0.0,0.0,1.0,0.0,0.0,0.0,0.0,0.0,1.0,0,3.1208935611038107,1,9.553072625698324
SU2CLC-MGH-1161,0.21,5.335195530726257,3.8826815642458095,1.229050279329609,26.0,34.0,0.0,1.0,0.0,1.0,0.0,1.0,0.0,0.0,0.0,0.0,0.0,1.0,0.0,0.0,1.0,0.0,1,11.85939553219448,0,5.335195530726257
SU2CLC-MGH-1169,0.32,28.46368715083799,27.15083798882682,0.335195530726257,90.0,131.0,0.0,1.0,0.0,1.0,0.0,1.0,0.0,0.0,0.0,0.0,0.0,1.0,0.0,0.0,0.0,1.0,1,24.901445466491456,0,28.46368715083799
SU2CLC-MGH-1387,0.19,7.29050279329609,6.675977653631286,0.4748603351955308,45.0,72.0,0.0,1.0,0.0,1.0,0.0,1.0,0.0,0.0,0.0,0.0,0.0,1.0,0.0,0.0,0.0,1.0,1,41.36005256241787,0,7.29050279329609
SU2CLC-MGH-1389,0.2,14.413407821229052,12.569832402234638,0.2793296089385475,90.0,125.0,1.0,0.0,0.0,0.0,1.0,0.0,0.0,0.0,1.0,0.0,0.0,0.0,1.0,0.0,0.0,1.0,0,20.69645203679369,0,14.413407821229052
SU2CLC-MGH-1412,0.26,35.81005586592179,34.581005586592184,0.2513966480446927,5.0,224.0,1.0,0.0,0.0,1.0,0.0,1.0,0.0,0.0,0.0,0.0,0.0,0.0,1.0,0.0,1.0,0.0,1,9.789750328515112,1,35.81005586592179
SU2CLC-MGH-1415,0.18,18.77094972067039,9.608938547486034,7.513966480446928,19.0,126.0,1.0,0.0,0.0,1.0,0.0,1.0,0.0,0.0,0.0,0.0,0.0,0.0,1.0,0.0,1.0,0.0,1,9.395532194480946,0,18.77094972067039
SU2CLC-MGH-1416,0.19,13.100558659217878,10.893854748603353,1.8156424581005588,90.0,78.0,0.0,1.0,0.0,1.0,0.0,1.0,0.0,0.0,0.0,1.0,0.0,0.0,0.0,0.0,1.0,0.0,1,19.2838370565046,0,13.100558659217878
SU2CLC-MGH-1417,0.34,10.977653631284918,7.960893854748604,1.8994413407821231,30.0,115.0,1.0,0.0,0.0,1.0,0.0,1.0,0.0,0.0,0.0,1.0,0.0,0.0,0.0,0.0,1.0,0.0,1,20.26938239159001,0,10.977653631284918
SU2CLC-MGH-1418,0.68,7.178770949720671,6.480446927374302,0.5865921787709497,0.0,49.0,1.0,0.0,1.0,0.0,0.0,0.0,1.0,0.0,0.0,0.0,1.0,0.0,0.0,0.0,0.0,1.0,1,32.75295663600525,0,7.178770949720671
SU2CLC-MGH-1488,0.18,25.195530726256987,22.98882681564246,0.0,25.0,284.0,1.0,0.0,0.0,1.0,0.0,1.0,0.0,0.0,0.0,0.0,0.0,0.0,1.0,0.0,0.0,1.0,1,30.354796320630747,0,25.195530726256987
SU2CLC-MGH-1490,0.21,11.899441340782124,8.044692737430168,3.128491620111732,20.0,79.0,1.0,0.0,0.0,0.0,1.0,1.0,0.0,0.0,0.0,0.0,0.0,0.0,1.0,0.0,1.0,0.0,1,8.869908015768726,1,11.899441340782124
SU2CLC-MGH-1492,0.11,9.022346368715084,8.491620111731844,0.0,80.0,98.0,1.0,0.0,0.0,1.0,0.0,0.0,0.0,0.0,1.0,1.0,0.0,0.0,0.0,0.0,1.0,0.0,0,4.139290407358739,0,9.022346368715084
SU2CLC-MGH-1498,0.2,7.765363128491621,7.458100558659218,0.0,40.0,77.0,0.0,1.0,0.0,1.0,0.0,0.0,0.0,0.0,1.0,0.0,0.0,0.0,1.0,0.0,1.0,0.0,1,19.64520367936925,0,7.765363128491621
SU2CLC-MGH-1501,0.55,6.843575418994414,5.363128491620112,1.2849162011173183,18.0,85.0,0.0,1.0,0.0,1.0,0.0,1.0,0.0,0.0,0.0,0.0,0.0,1.0,0.0,0.0,1.0,0.0,0,19.84231274638633,0,6.843575418994414
SU2CLC-MGH-1503,0.46,16.368715083798882,15.418994413407823,0.2513966480446927,11.0,106.0,1.0,0.0,0.0,0.0,1.0,0.0,0.0,0.0,1.0,0.0,0.0,0.0,1.0,0.0,1.0,0.0,1,15.932982917214192,0,16.368715083798882
SU2CLC-MGH-1565,0.8,17.59776536312849,10.307262569832403,6.871508379888269,90.0,204.0,0.0,1.0,0.0,1.0,0.0,0.0,0.0,0.0,1.0,0.0,0.0,0.0,0.0,1.0,1.0,0.0,1,6.5374507227332455,0,17.59776536312849
SU2CLC-MGH-1568,0.21,6.089385474860336,5.5027932960893855,0.2793296089385475,60.0,49.0,1.0,0.0,0.0,1.0,0.0,1.0,0.0,0.0,0.0,0.0,0.0,0.0,1.0,0.0,1.0,0.0,0,6.176084099868594,0,6.089385474860336
SU2CLC-MGH-1572,0.32,10.11173184357542,8.93854748603352,0.9217877094972068,20.0,102.0,0.0,1.0,0.0,0.0,1.0,1.0,0.0,0.0,0.0,0.0,0.0,0.0,1.0,0.0,0.0,1.0,0,5.256241787122208,0,10.11173184357542
SU2CLC-MGH-1575,0.46,9.608938547486034,8.631284916201118,0.6983240223463688,30.0,75.0,1.0,0.0,0.0,0.0,1.0,1.0,0.0,0.0,0.0,0.0,0.0,0.0,1.0,0.0,0.0,1.0,0,3.252299605781866,1,9.608938547486034
SU2CLC-MSK-1364,0.4,22.0391061452514,21.22905027932961,0.0837988826815642,8.0,279.0,1.0,0.0,0.0,1.0,0.0,1.0,0.0,0.0,0.0,0.0,0.0,0.0,1.0,0.0,0.0,1.0,1,14.257555847568987,0,22.0391061452514
SU2CLC-MSK-1365,0.24,1.8715083798882683,1.340782122905028,0.3631284916201117,0.0,23.0,0.0,1.0,1.0,0.0,0.0,1.0,0.0,0.0,0.0,0.0,0.0,0.0,1.0,0.0,0.0,1.0,1,14.323258869908017,0,1.8715083798882683
SU2CLC-MSK-A2013,0.23,4.273743016759777,3.7150837988826817,0.0,19.0,31.0,1.0,0.0,0.0,1.0,0.0,1.0,0.0,0.0,0.0,0.0,0.0,0.0,1.0,0.0,1.0,0.0,1,9.888304862023652,1,4.273743016759777
SU2CLC-MSK-A2014,0.32,1.9832402234636872,1.787709497206704,0.1675977653631285,0.0,21.0,1.0,0.0,1.0,0.0,0.0,1.0,0.0,0.0,0.0,1.0,0.0,0.0,0.0,0.0,1.0,0.0,1,12.81208935611038,1,1.9832402234636872
SU2CLC-MSK-A2060,0.24,22.541899441340785,20.58659217877095,1.0614525139664803,41.0,175.0,0.0,1.0,0.0,0.0,1.0,1.0,0.0,0.0,0.0,0.0,0.0,0.0,1.0,0.0,1.0,0.0,1,19.54664914586071,0,22.541899441340785
SU2CLC-UCD-1124,0.35,4.385474860335196,3.8826815642458095,0.4189944134078213,20.0,23.0,0.0,1.0,0.0,1.0,0.0,1.0,0.0,0.0,0.0,0.0,0.0,1.0,0.0,0.0,0.0,1.0,1,34.92115637319316,0,4.385474860335196
SU2CLC-UCD-1142,0.45,17.93296089385475,15.05586592178771,1.2569832402234635,30.0,132.0,1.0,0.0,0.0,0.0,1.0,1.0,0.0,0.0,0.0,0.0,0.0,0.0,1.0,0.0,0.0,1.0,1,25.7227332457293,0,17.93296089385475
SU2CLC-UCD-1560,0.374336569579288,9.441340782122904,7.905027932960895,0.6424581005586593,0.0,73.0,1.0,0.0,1.0,0.0,0.0,1.0,0.0,0.0,0.0,0.0,0.0,1.0,0.0,0.0,0.0,1.0,0,3.416557161629435,0,9.441340782122904
